PROPERTY_TYPE,STATE,LAT,ION,AREA_M2,PRICE_USD
house,Estado de México,19.560181,-99.233528,150.0,67965.56
house,Nuevo León,25.6884355,-100.1988071,186.0,63223.78
apartment,Guerrero,16.767704,-99.764383,82.0,84298.37
apartment,Guerrero,16.829782,-99.911012,150.0,94308.8
house,Yucatán,21.05258302,-89.53863859,205.0,105191.37
house,Querétaro,20.7163149,-100.4525027,320.0,
house,Morelos,18.8126047,-98.9548261,281.0,
house,Chiapas,16.769737,-93.088928,140.0,
house,Estado de México,19.30540733,-99.64694828,235.0,
house,Morelos,18.804197,-98.932816,117.0,
apartment,Guerrero,16.775165,-99.789939,117.0,
house,Yucatán,21.0483333,-89.6780555,193.0,
house,Estado de México,19.560181,-99.233528,85.0,
house,Tabasco,18.01408208,-92.8963995,135.0,
apartment,Distrito Federal,19.390748,-99.158695,127.0,
apartment,Yucatán,21.33715074,-89.32268858,208.0,
house,Distrito Federal,19.337652,-99.2233268,297.0,
house,Nayarit,21.518174,-104.9074948,173.0,
house,Morelos,18.855343,-99.241142,73.0,
apartment,Puebla,19.0248763,-98.1945109,170.0,
apartment,Distrito Federal,19.403334,-99.157755,129.0,
apartment,Distrito Federal,19.428152,-99.106194,68.0,
house,Puebla,18.991881,-98.275275,334.0,
house,Veracruz de Ignacio de la Llave,25.624891,-103.397214,106.0,
house,Yucatán,20.997143,-89.601028,132.0,
house,Sinaloa,23.239141,-106.412613,104.0,
apartment,Distrito Federal,19.430141,-99.172536,97.0,
house,Estado de México,19.538595,-99.180214,200.0,
apartment,Yucatán,21.030668,-89.599258,80.0,
house,Tabasco,17.893124,-92.92127323,70.0,
house,Chiapas,16.717077,-93.162903,240.0,
house,Tamaulipas,22.3261979,-97.8885244,188.0,
house,Yucatán,21.0231861,-89.5863038,253.0,
apartment,Distrito Federal,19.39365,-99.14769,128.0,
house,Veracruz de Ignacio de la Llave,25.569582,-103.33239,350.0,
house,Veracruz de Ignacio de la Llave,25.581369,-103.377648,133.0,
house,Puebla,19.0412967,-98.2061996,250.0,
house,Distrito Federal,19.390301,-99.11161,187.0,
house,Veracruz de Ignacio de la Llave,19.101803,-96.163884,127.0,
apartment,Puebla,19.026517,-98.214364,102.0,
house,Jalisco,23.634501,-102.552788,107.0,
house,Yucatán,21.075163,-89.516731,242.0,
house,Distrito Federal,19.3605334,-99.2267067,245.0,
apartment,Distrito Federal,19.351369,-99.248993,90.0,
apartment,Distrito Federal,19.412142,-99.146127,75.0,
apartment,Puebla,18.987232,-98.206947,93.0,
house,Estado de México,19.715134,-99.214828,126.0,
house,Distrito Federal,19.374069,-99.01932,300.0,
house,San Luis Potosí,22.133745,-101.016029,132.0,
house,Morelos,18.804197,-98.932816,130.0,
apartment,Yucatán,21.0294432,-89.6322061,237.0,
house,Sinaloa,24.8093254,-107.4692179,96.0,
apartment,Distrito Federal,19.33923,-99.218987,102.0,
house,Baja California,32.493049,-116.907481,76.0,
house,Hidalgo,20.1254846,-98.7362998,229.0,
house,Morelos,18.960244,-99.212962,305.0,
house,Puebla,23.634501,-102.552788,128.0,
house,Estado de México,19.53808025,-99.23847934,240.0,
house,Quintana Roo,21.129547,-86.817017,135.0,
house,Nuevo León,25.5683841,-100.2439723,320.0,
apartment,Tamaulipas,22.217112,-97.854477,170.0,
house,Guerrero,16.860338,-99.870399,168.0,
house,Veracruz de Ignacio de la Llave,19.109509,-96.111477,220.0,
house,Guerrero,16.771518,-99.772466,180.0,
house,Querétaro,23.634501,-102.552788,250.0,
apartment,Yucatán,21.0307114,-89.6181018,157.0,
house,Querétaro,20.6536084,-100.3469826,128.0,
house,Estado de México,19.650003,-99.220367,135.0,
house,Nuevo León,25.708134,-100.145821,60.0,
house,Nuevo León,25.751371,-100.238281,185.0,
apartment,Distrito Federal,19.351371,-99.161529,60.0,
house,Distrito Federal,19.298899,-99.208048,300.0,
house,Veracruz de Ignacio de la Llave,25.581989,-103.378005,220.0,
house,Tamaulipas,26.074236,-98.349915,200.0,
house,Quintana Roo,21.15048247,-86.81568548,261.0,
house,Jalisco,20.785506,-103.442286,98.0,
apartment,Distrito Federal,19.374421,-99.13907,72.0,
house,Yucatán,20.99947,-89.642815,211.0,
house,Estado de México,19.533243,-99.227295,200.0,
house,Querétaro,20.705742,-100.444016,300.0,
house,Sonora,29.058504,-110.978981,185.0,
house,Puebla,18.99466,-98.2761016,178.0,
house,Sinaloa,24.754314,-107.402241,280.0,
house,Estado de México,19.544106,-99.112656,131.0,
house,Chihuahua,28.6329957,-106.0691004,115.0,
house,Yucatán,20.99214914,-89.5655331,121.0,
house,San Luis Potosí,22.141575,-100.900192,108.0,
house,Distrito Federal,19.499857,-99.097517,300.0,
apartment,Distrito Federal,19.381729,-99.164986,80.0,
house,Morelos,18.942068,-99.242531,290.0,
house,Puebla,19.087196,-98.288637,148.0,
house,Veracruz de Ignacio de la Llave,19.1616453,-96.154687,290.0,
house,Puebla,18.989595,-98.203529,200.0,
house,Morelos,18.917542,-98.963181,220.0,
house,Yucatán,20.9993534,-89.5910162,192.0,
house,Baja California Sur,24.14994473,-110.3169306,176.0,
apartment,Distrito Federal,19.384533,-99.183172,120.0,
house,Distrito Federal,19.317922,-99.236124,350.0,
house,Estado de México,19.696592,-99.231445,87.0,
apartment,Distrito Federal,19.38250406,-99.15803991,78.0,
apartment,Distrito Federal,19.401819,-99.184615,75.0,
house,Puebla,18.998509,-98.179484,200.0,
apartment,San Luis Potosí,22.1418,-101.027344,114.0,
house,Yucatán,21.072905,-89.65963,266.0,
house,Nuevo León,25.6318511,-100.170963,204.0,
house,Estado de México,19.283869,-99.588992,70.0,
house,Jalisco,20.532827,-103.483829,155.0,
house,Morelos,18.918608,-98.941094,247.0,
apartment,Jalisco,20.649012,-103.448288,88.0,
house,Yucatán,21.030668,-89.599258,175.0,
house,Zacatecas,23.634501,-102.552788,170.0,
apartment,Distrito Federal,19.380937,-99.179545,98.0,
apartment,Estado de México,19.559799,-99.233795,60.0,
house,Yucatán,21.072905,-89.65963,127.0,
house,Distrito Federal,19.367215,-99.222138,180.0,
house,Puebla,19.044477,-98.328011,326.0,
house,Veracruz de Ignacio de la Llave,18.134026,-94.476112,210.0,
house,Veracruz de Ignacio de la Llave,25.572505,-103.425036,330.0,
house,Estado de México,19.290517,-99.694921,157.0,
house,Jalisco,20.788616,-103.435217,156.0,
apartment,Nuevo León,25.6526883,-100.4122654,101.0,
house,Nuevo León,25.680067,-100.458626,336.0,
house,Estado de México,19.305643,-98.901535,120.0,
house,Estado de México,19.684991,-99.225298,60.0,
house,Yucatán,21.008295,-89.591019,282.0,
apartment,Guerrero,16.8572859,-99.9089643,130.0,
house,San Luis Potosí,22.093321,-100.895958,110.0,
house,Puebla,23.634501,-102.552788,156.0,
house,San Luis Potosí,22.1387477,-101.0181525,200.0,
house,Estado de México,19.428043,-99.227384,309.0,
house,Hidalgo,20.059217,-98.790423,200.0,
house,Yucatán,21.292982,-89.603973,100.0,
house,Morelos,18.903454,-99.056687,145.0,
house,Distrito Federal,19.411699,-99.166247,120.0,
house,Morelos,18.89179165,-99.22272205,183.0,
house,Yucatán,21.0424858,-89.5568382,107.0,
apartment,Querétaro,20.711874,-100.448934,140.0,
apartment,Distrito Federal,19.428152,-99.106194,67.0,
house,Estado de México,19.234822,-99.559659,115.0,
house,Estado de México,19.558449,-99.22973,180.0,
house,Chihuahua,28.652079,-106.109581,227.0,
house,Nuevo León,25.707024,-100.21376,250.0,
house,Aguascalientes,21.878481,-102.332787,215.0,
house,Veracruz de Ignacio de la Llave,19.155567,-96.13928,165.0,
house,Hidalgo,20.05687984,-98.76537555,200.0,
house,Nuevo León,25.634661,-100.295769,242.0,
apartment,Distrito Federal,19.367931,-99.170262,120.0,
house,Distrito Federal,19.360526,-99.301674,220.0,
house,Distrito Federal,19.464398,-99.113317,304.0,
house,Puebla,19.01195,-98.219383,385.0,
apartment,Yucatán,21.2929822,-89.6039725,255.0,
house,Distrito Federal,19.351396,-99.130999,225.0,
house,Morelos,18.93409,-99.254997,218.0,
house,Querétaro,20.6990975,-100.4705682,276.0,
house,Yucatán,21.030668,-89.599258,100.0,
house,Yucatán,20.996355,-89.583946,201.0,
house,Puebla,18.983141,-98.265739,135.0,
house,Estado de México,19.2826098,-99.6556653,90.0,
house,Tamaulipas,22.4107891,-97.9342897,176.0,
house,Tabasco,18.263374,-93.179222,104.0,
house,Distrito Federal,19.396669,-99.067626,220.0,
house,Yucatán,21.039522,-89.563911,174.0,
house,Estado de México,19.545097,-99.21289,233.0,
apartment,Puebla,19.054064,-98.245911,95.0,
house,Estado de México,19.62378,-99.199085,153.0,
house,Sinaloa,23.240411,-106.432565,189.0,
apartment,Distrito Federal,19.452331,-99.177162,90.0,
house,Quintana Roo,21.129547,-86.817017,275.0,
apartment,Distrito Federal,19.342083,-99.0532159,86.0,
house,Nuevo León,25.702822,-100.304192,148.0,
house,Veracruz de Ignacio de la Llave,19.563358,-96.939697,110.0,
house,Veracruz de Ignacio de la Llave,19.205341,-96.197784,130.0,
house,Yucatán,21.0424858,-89.5568382,185.0,
apartment,Guerrero,16.829584,-99.9083,154.0,
house,Querétaro,20.726007,-100.442642,273.0,
house,San Luis Potosí,23.634501,-102.552788,187.0,
house,Distrito Federal,19.395069,-99.204927,110.0,
apartment,Distrito Federal,19.400004,-99.16735,94.0,
house,Tabasco,17.979631,-92.965249,100.0,
house,Querétaro,20.5887932,-100.3898881,84.0,
house,Yucatán,21.006756,-89.570984,162.0,
house,Yucatán,21.013465,-89.591041,239.0,
house,Chiapas,19.671066,-101.213341,175.0,
house,Veracruz de Ignacio de la Llave,18.1495073,-94.4422,200.0,
house,Nuevo León,25.7418083,-100.4057781,211.0,
house,Yucatán,20.968147,-89.629875,123.0,
house,Tamaulipas,22.2621259,-97.8238578,141.0,
house,Jalisco,20.767952,-103.40899,148.0,
house,Morelos,18.795519,-99.231445,150.0,
apartment,Distrito Federal,19.449392,-99.138544,70.0,
apartment,Quintana Roo,21.15640821,-86.84881411,95.0,
house,Tamaulipas,22.3160889,-97.8884841,165.0,
apartment,Distrito Federal,19.486255,-99.214043,65.0,
apartment,Distrito Federal,19.36594,-99.163153,85.0,
house,Veracruz de Ignacio de la Llave,19.146434,-96.161783,91.0,
house,Yucatán,21.035221,-89.635757,204.0,
house,Guerrero,16.86432868,-99.88790821,170.0,
house,Querétaro,20.726007,-100.442642,180.0,
house,Sinaloa,23.261934,-106.408936,124.0,
house,Quintana Roo,21.139086,-86.84964,66.0,
house,Veracruz de Ignacio de la Llave,25.535524,-103.379302,276.0,
house,Yucatán,21.0043658,-89.5614233,79.0,
apartment,Distrito Federal,19.364613,-99.161892,70.0,
apartment,Distrito Federal,19.366505,-99.222297,72.0,
house,Querétaro,20.6521079,-100.3491545,250.0,
house,Yucatán,21.03504976,-89.59907413,137.0,
apartment,Distrito Federal,19.354947,-99.087529,65.0,
house,Yucatán,21.008295,-89.591019,142.0,
house,Querétaro,20.6476044,-100.35253,150.0,
house,Yucatán,21.030668,-89.599258,305.0,
house,Distrito Federal,19.371317,-99.140957,300.0,
apartment,Veracruz de Ignacio de la Llave,19.1356101,-96.1142685,105.0,
apartment,Distrito Federal,19.377169,-99.187643,90.0,
apartment,Distrito Federal,19.381591,-99.165397,124.0,
house,Yucatán,21.039522,-89.563911,230.0,
house,Jalisco,20.755833,-103.413251,180.0,
house,Estado de México,19.27223,-99.575691,300.0,
apartment,Veracruz de Ignacio de la Llave,19.191416,-96.127518,70.0,
house,San Luis Potosí,22.121187,-100.951736,154.0,
house,Tabasco,17.987557,-92.929147,150.0,
house,Estado de México,19.4653884,-99.5940417,70.0,
house,Morelos,18.8493694,-98.9479805,250.0,
house,Yucatán,21.05294348,-89.66792107,141.0,
house,Morelos,18.942068,-99.242531,320.0,
house,Guerrero,16.808875,-99.821739,104.0,
apartment,Estado de México,19.531773,-99.245873,174.0,
house,Tamaulipas,25.860595,-97.504808,212.0,
house,Guanajuato,21.1666103,-101.6315416,210.0,
house,Morelos,18.882006,-99.148384,240.0,
apartment,Puebla,19.002178,-98.271063,87.0,
house,Estado de México,19.425918,-99.230123,300.0,
house,Morelos,18.8736789,-99.1922665,257.0,
house,San Luis Potosí,22.186096,-101.005652,240.0,
house,Yucatán,21.075163,-89.516731,189.0,
house,Puebla,18.984862,-98.222234,289.0,
apartment,Distrito Federal,19.3650311,-99.1477363,83.0,
apartment,Morelos,18.917393,-99.221062,127.0,
house,Distrito Federal,19.399375,-99.149986,95.0,
house,Baja California,32.5622552,-115.3169575,75.0,
apartment,Distrito Federal,19.452689,-99.117987,60.0,
house,Distrito Federal,19.336104,-99.101761,70.0,
house,Zacatecas,23.634501,-102.552788,138.0,
house,Jalisco,20.567506,-103.48332,149.0,
house,Nayarit,20.722561,-105.270132,84.0,
apartment,Distrito Federal,19.3987957,-99.1594498,110.0,
house,San Luis Potosí,22.1176283,-101.0151243,380.0,
house,Yucatán,21.006756,-89.570984,90.0,
house,Veracruz de Ignacio de la Llave,25.510739,-103.357425,140.0,
house,Tamaulipas,22.2695545,-97.8750355,140.0,
house,Estado de México,19.3308425,-99.5817205,140.0,
house,Estado de México,19.2398293,-99.617673,332.0,
house,Estado de México,19.4689569,-99.2727792,372.0,
house,Morelos,18.917542,-98.963181,200.0,
house,Tabasco,17.97280546,-92.95154875,134.0,
house,Nuevo León,25.79255,-100.274638,159.0,
apartment,Distrito Federal,19.3928136,-99.1738213,112.0,
house,Sinaloa,24.804811,-107.46476,95.0,
house,Aguascalientes,21.905983,-102.286817,157.0,
house,Morelos,18.900945,-99.232574,279.0,
house,Tamaulipas,22.2900902,-97.8437788,75.0,
apartment,Distrito Federal,19.375374,-99.137657,80.0,
house,Nuevo León,25.660711,-100.289459,222.0,
apartment,Puebla,19.02065826,-98.22384596,100.0,
house,Yucatán,20.96083848,-89.62156874,160.0,
apartment,Distrito Federal,19.409369,-99.171906,83.0,
house,Nuevo León,25.7584835,-100.4052434,131.0,
house,Nuevo León,25.712547,-100.249496,210.0,
house,Yucatán,21.05119626,-89.53858227,168.0,
house,Puebla,19.09276402,-98.22678055,100.0,
house,Jalisco,20.792152,-103.475021,104.0,
house,Guanajuato,21.121012,-101.600136,207.0,
house,San Luis Potosí,22.18307725,-101.0302325,92.0,
apartment,Distrito Federal,19.404032,-99.179694,103.0,
house,Morelos,18.814863,-99.211439,97.0,
apartment,Distrito Federal,19.368544,-99.163605,105.0,
house,Puebla,19.0550344,-98.2731403,330.0,
house,Yucatán,21.04307817,-89.55160305,190.0,
house,Estado de México,19.699144,-98.978363,180.0,
apartment,Distrito Federal,19.341894,-99.224525,96.0,
house,Querétaro,20.596285,-100.357695,300.0,
apartment,Puebla,19.035632,-98.223132,92.0,
house,Puebla,19.0217424,-98.2604216,215.0,
house,Chiapas,19.987465,-102.284888,330.0,
apartment,Morelos,18.957352,-99.260544,76.0,
house,Morelos,18.845494,-99.20547,136.0,
apartment,Distrito Federal,19.366901,-99.297272,65.0,
house,San Luis Potosí,22.18408015,-101.0286072,110.0,
house,Estado de México,19.615452,-99.206348,70.0,
house,Estado de México,19.590134,-99.280419,100.0,
house,Distrito Federal,19.473907,-99.177444,320.0,
house,San Luis Potosí,22.149093,-100.889863,180.0,
house,Estado de México,19.641889,-99.1774462,250.0,
house,Veracruz de Ignacio de la Llave,19.089373,-96.130805,168.0,
house,Querétaro,20.606224,-100.329168,165.0,
house,Yucatán,21.001256,-89.600723,325.0,
apartment,Nuevo León,25.7302897,-100.3965403,160.0,
house,Puebla,19.004742,-98.235992,180.0,
house,Morelos,18.920158,-99.180214,85.0,
house,Morelos,18.916586,-99.214371,272.0,
house,Puebla,19.063091,-98.296013,252.0,
apartment,Distrito Federal,19.371321,-99.140985,84.0,
apartment,Puebla,19.0378006,-98.3007086,120.0,
apartment,Distrito Federal,19.362824,-99.266178,162.0,
house,Chiapas,16.780325,-93.119637,180.0,
house,Yucatán,21.039522,-89.563911,178.0,
apartment,Distrito Federal,19.465454,-99.162665,69.0,
house,Jalisco,20.700756,-103.333385,300.0,
house,Baja California Sur,22.886851,-109.946872,94.0,
house,Querétaro,20.549404,-100.378563,110.0,
house,Distrito Federal,19.353288,-99.244721,150.0,
house,Estado de México,19.278994,-99.559006,136.0,
house,Puebla,18.985191,-98.186447,148.0,
apartment,Jalisco,20.67603,-103.425418,125.0,
apartment,Guerrero,16.87630091,-99.88293272,88.0,
house,Nayarit,21.525436,-104.923553,115.0,
apartment,Chiapas,16.748743,-93.066491,73.0,
apartment,Distrito Federal,19.432657,-99.177444,150.0,
house,Querétaro,20.618279,-100.346985,160.0,
house,Estado de México,19.72876,-99.461708,236.0,
house,Veracruz de Ignacio de la Llave,25.51506,-103.413092,230.0,
house,Querétaro,20.419854,-99.998039,89.0,
house,Morelos,18.804197,-98.932816,117.0,
apartment,San Luis Potosí,22.133104,-100.982117,100.0,
apartment,Distrito Federal,19.400249,-99.177444,150.0,
house,Yucatán,21.03071,-89.618103,382.0,
house,Jalisco,20.649154,-105.202538,90.0,
house,Baja California,32.426032,-117.033916,140.0,
house,Tamaulipas,26.058614,-98.322969,252.0,
house,Veracruz de Ignacio de la Llave,25.599048,-103.412397,189.0,
house,Baja California Sur,24.129181,-110.31971,110.0,
house,Tamaulipas,22.238298,-97.841892,200.0,
house,Puebla,19.046561,-98.190349,110.0,
apartment,Distrito Federal,19.451872,-99.173522,70.0,
house,Estado de México,19.253367,-99.606303,260.0,
house,Sonora,29.0287123,-110.97103,200.0,
apartment,Distrito Federal,19.45569471,-99.16357613,76.0,
house,Jalisco,20.7670434,-103.3941011,195.0,
apartment,Distrito Federal,19.336195,-99.23692,100.0,
house,San Luis Potosí,22.1564699,-100.9855409,110.0,
house,Yucatán,21.0634817,-89.6110378,296.0,
house,Yucatán,21.135925,-89.6446768,200.0,
house,Querétaro,20.547818,-100.407691,80.0,
house,Morelos,18.954132,-99.266083,210.0,
house,Quintana Roo,21.152508,-86.850891,180.0,
house,Morelos,18.882725,-99.163605,112.0,
house,Tabasco,17.97423,-92.923836,60.0,
house,Chiapas,16.740764,-93.089951,148.0,
house,Nuevo León,25.764894,-100.264221,160.0,
apartment,Querétaro,20.60782,-100.366721,110.0,
house,Distrito Federal,19.469688,-99.085456,248.0,
apartment,Distrito Federal,19.27112369,-99.20883894,72.0,
apartment,Jalisco,20.723133,-103.418115,84.0,
house,Chiapas,16.76764,-93.178283,250.0,
house,Yucatán,20.9673702,-89.5925857,290.0,
house,Yucatán,21.017197,-89.574516,158.0,
house,Morelos,18.862602,-99.213448,320.0,
house,Veracruz de Ignacio de la Llave,19.123617,-96.113161,220.0,
house,Distrito Federal,19.355938,-99.129918,200.0,
house,Baja California Sur,19.35913,-98.983431,189.0,
house,Yucatán,20.989016,-89.632225,300.0,
house,Veracruz de Ignacio de la Llave,25.453195,-100.935486,203.0,
house,Yucatán,20.938659,-89.615316,173.0,
house,Tamaulipas,22.270658,-97.849037,263.0,
house,Chiapas,16.78141,-93.096451,87.0,
house,Chiapas,19.691938,-101.176615,220.0,
house,Estado de México,19.64079,-99.098691,105.0,
apartment,Puebla,19.011347,-98.246264,139.0,
house,Jalisco,20.647029,-103.454953,122.0,
house,Morelos,18.905066,-99.224869,120.0,
house,Veracruz de Ignacio de la Llave,19.06681288,-96.07347608,271.0,
house,Querétaro,20.705742,-100.444016,350.0,
house,Estado de México,19.54323,-99.222374,181.0,
house,Sinaloa,24.8090649,-107.3940117,212.0,
house,Tamaulipas,25.872879,-97.509221,287.0,
house,Distrito Federal,19.373264,-99.104161,250.0,
apartment,Distrito Federal,19.383952,-99.160229,100.0,
house,Chiapas,16.757278,-93.134056,298.0,
house,Tamaulipas,22.320061,-97.86808,67.0,
house,Guanajuato,20.58343642,-101.1981905,180.0,
apartment,Distrito Federal,19.396018,-99.147827,80.0,
house,Chiapas,19.646418,-101.238213,153.0,
house,Estado de México,19.5896123,-99.2907617,60.0,
house,Querétaro,20.631845,-100.390495,315.0,
house,Baja California Sur,24.083153,-110.303329,65.0,
house,Veracruz de Ignacio de la Llave,19.144342,-96.139002,140.0,
house,Estado de México,19.272027,-99.553293,107.0,
house,Hidalgo,20.1010608,-98.7591311,320.0,
house,Veracruz de Ignacio de la Llave,18.1495449,-94.5140773,104.0,
apartment,Distrito Federal,19.333901,-99.240356,85.0,
apartment,Distrito Federal,19.390031,-99.174182,108.0,
house,Nuevo León,25.781807,-100.187794,155.0,
house,Querétaro,20.7012562,-100.4654217,295.0,
apartment,Distrito Federal,19.365834,-99.263505,126.0,
house,Yucatán,20.9637793,-89.6612548,249.0,
apartment,Estado de México,19.404701,-99.292419,300.0,
house,Veracruz de Ignacio de la Llave,18.879525,-96.921847,123.0,
house,Puebla,18.978682,-98.250015,162.0,
house,Querétaro,20.6205869,-100.388042,322.0,
apartment,Nuevo León,25.654263,-100.297874,114.0,
house,Estado de México,19.180459,-99.590174,175.0,
apartment,Durango,24.010702,-104.613602,88.0,
apartment,Distrito Federal,19.474655,-99.189277,60.0,
apartment,Querétaro,20.65449,-100.384446,160.0,
house,Veracruz de Ignacio de la Llave,25.569556,-103.383702,244.0,
house,Morelos,18.813505,-98.953514,66.0,
house,Quintana Roo,21.118165,-86.880921,189.0,
apartment,Tabasco,17.972448,-92.960579,104.0,
house,Veracruz de Ignacio de la Llave,19.165146,-96.160652,220.0,
apartment,Distrito Federal,19.3499358,-99.2906864,78.0,
apartment,Estado de México,19.402713,-99.27547,130.0,
house,Morelos,18.948109,-99.26886,200.0,
house,Querétaro,20.5887932,-100.3898881,334.0,
apartment,Distrito Federal,19.406592,-99.155442,90.0,
house,Nuevo León,25.677525,-100.258614,257.0,
house,Distrito Federal,19.318989,-99.094437,100.0,
house,Querétaro,20.712143,-100.454275,230.0,
house,Yucatán,21.01429,-89.605148,280.0,
house,Veracruz de Ignacio de la Llave,19.532306,-96.897717,100.0,
house,Veracruz de Ignacio de la Llave,19.173773,-96.1342241,160.0,
house,Veracruz de Ignacio de la Llave,19.139896,-96.109911,163.0,
house,Baja California,32.665619,-115.433372,134.0,
house,Tamaulipas,22.270658,-97.849037,93.0,
house,Yucatán,21.021821,-89.634346,235.0,
apartment,Querétaro,20.5887932,-100.3898881,178.0,
house,Veracruz de Ignacio de la Llave,19.142568,-96.125389,214.0,
house,Morelos,18.970675,-99.288261,333.0,
house,Morelos,18.813505,-98.953514,90.0,
house,Sonora,27.492618,-109.960496,270.0,
house,Quintana Roo,20.65593,-87.05368,210.0,
house,Baja California Sur,24.143626,-110.336274,180.0,
house,Guerrero,16.841759,-99.847374,97.0,
apartment,Veracruz de Ignacio de la Llave,19.125867,-96.106026,189.0,
house,Chihuahua,23.634501,-102.552788,200.0,
house,Jalisco,20.6081525,-103.3946675,150.0,
apartment,Yucatán,21.029198,-89.607506,200.0,
house,Morelos,18.927336,-99.213448,145.0,
house,Veracruz de Ignacio de la Llave,25.439677,-100.946717,172.0,
apartment,Distrito Federal,19.472481,-99.182374,75.0,
house,Estado de México,19.514382,-99.258682,150.0,
house,Distrito Federal,19.325355,-99.232561,136.0,
house,Yucatán,21.072905,-89.65963,250.0,
house,San Luis Potosí,22.14691,-101.038651,245.0,
house,Morelos,18.879347,-99.179871,184.0,
house,Tabasco,18.03410232,-92.98419938,161.0,
house,Morelos,23.634501,-102.552788,338.0,
house,Puebla,18.921051,-98.417053,116.0,
house,Puebla,19.014643,-98.170731,140.0,
house,Morelos,18.858107,-99.200287,78.0,
house,Morelos,18.945309,-99.22372,380.0,
house,Yucatán,21.0381057,-89.5933722,213.0,
apartment,Distrito Federal,19.474655,-99.189277,70.0,
house,Yucatán,21.072905,-89.65963,200.0,
house,Veracruz de Ignacio de la Llave,25.531834,-103.315276,150.0,
apartment,Nuevo León,25.651072,-100.342773,92.0,
house,Estado de México,19.499864,-99.050138,175.0,
house,Estado de México,19.555771,-99.248612,200.0,
house,San Luis Potosí,22.157743,-100.94397,225.0,
house,Nuevo León,25.6769684,-100.4508956,107.0,
house,San Luis Potosí,22.14700093,-101.0172996,160.0,
house,Guerrero,16.85678,-99.853204,280.0,
apartment,Estado de México,19.424913,-99.271629,69.0,
house,Estado de México,19.54966748,-99.01653931,90.0,
house,Guerrero,16.867283,-99.867119,150.0,
house,Morelos,18.811808,-98.94649,100.0,
apartment,Distrito Federal,19.396502,-99.128797,80.0,
apartment,Yucatán,21.017197,-89.574516,66.0,
house,Hidalgo,20.06499132,-98.76800179,100.0,
house,Tamaulipas,22.266645,-97.870796,296.0,
house,Estado de México,18.948179,-99.482277,170.0,
apartment,Yucatán,21.3421022,-89.2624626,202.0,
house,Puebla,19.044477,-98.328011,235.0,
house,Chihuahua,28.6556674,-106.0711926,159.0,
house,Distrito Federal,19.2826778,-99.2090757,161.0,
apartment,Distrito Federal,19.48888,-99.179278,70.0,
house,Chiapas,16.732222,-93.135307,240.0,
house,Veracruz de Ignacio de la Llave,23.634501,-102.552788,205.0,
house,Yucatán,21.0381057,-89.5933722,165.0,
apartment,Guerrero,16.801018,-99.824979,98.0,
house,Estado de México,19.6850991,-99.2113669,62.0,
house,Morelos,18.9212022,-99.1739857,125.0,
house,Yucatán,21.030668,-89.599258,320.0,
apartment,Puebla,18.96785528,-98.28487086,127.0,
house,Nuevo León,25.723516,-100.393311,365.0,
house,Yucatán,21.0151423,-89.6551671,180.0,
apartment,Quintana Roo,21.13593739,-86.76753902,84.0,
house,Morelos,18.891859,-99.187134,320.0,
apartment,Sinaloa,23.261248,-106.459885,61.0,
apartment,Distrito Federal,19.364891,-99.148384,62.0,
apartment,Distrito Federal,19.426528,-99.196279,60.0,
apartment,Estado de México,19.369319,-99.293444,150.0,
apartment,Chiapas,16.745249,-93.152699,73.0,
apartment,Distrito Federal,19.434723,-99.175887,80.0,
apartment,Distrito Federal,19.449392,-99.138544,65.0,
house,Estado de México,19.55134,-99.233528,260.0,
house,Querétaro,20.607178,-100.335754,104.0,
house,San Luis Potosí,22.16483221,-100.976522,125.0,
house,San Luis Potosí,22.16644588,-100.9547921,140.0,
house,Chiapas,16.771928,-93.105578,200.0,
house,Tamaulipas,22.246319,-97.86264,163.0,
house,Distrito Federal,19.365175,-99.230064,270.0,
apartment,Estado de México,19.379597,-99.293808,155.0,
house,Tlaxcala,19.312792,-98.216515,159.0,
house,Querétaro,23.634501,-102.552788,145.0,
house,Yucatán,21.039522,-89.563911,186.0,
house,San Luis Potosí,22.175159,-100.979996,188.0,
house,Puebla,19.11055714,-98.28005165,120.0,
house,Estado de México,19.64443,-99.098587,75.0,
house,Veracruz de Ignacio de la Llave,25.502705,-103.408554,190.0,
house,Veracruz de Ignacio de la Llave,25.461545,-100.883958,170.0,
apartment,Distrito Federal,19.478815,-99.196831,64.0,
house,Querétaro,20.611304,-100.386343,360.0,
house,Veracruz de Ignacio de la Llave,19.178049,-96.128845,160.0,
house,Veracruz de Ignacio de la Llave,20.955351,-97.404341,150.0,
house,Sonora,29.07683,-110.9871743,309.0,
apartment,Guerrero,23.634501,-102.552788,178.0,
house,Yucatán,21.039522,-89.563911,215.0,
house,Nuevo León,25.74317303,-100.3723396,138.0,
apartment,Morelos,18.97019398,-99.24238533,117.0,
house,Aguascalientes,21.88930425,-102.2563045,198.0,
apartment,Distrito Federal,19.298168,-99.113106,83.0,
house,Chiapas,16.734992,-93.102641,121.0,
house,Nuevo León,25.701321,-100.457924,164.0,
house,Aguascalientes,21.88585,-102.294085,185.0,
house,Jalisco,20.618633,-103.387465,150.0,
house,Nuevo León,25.67382016,-100.3135947,120.0,
house,Morelos,18.942068,-99.242531,200.0,
house,Querétaro,20.700323,-100.472563,269.0,
house,Veracruz de Ignacio de la Llave,25.558393,-103.385429,113.0,
house,Nuevo León,25.580088,-100.239685,234.0,
house,Sinaloa,23.283125,-106.406723,192.0,
house,Chiapas,16.752182,-93.088427,184.0,
apartment,Distrito Federal,19.3880398,-99.1695793,100.0,
house,San Luis Potosí,22.14691,-101.038651,150.0,
house,Morelos,18.936026,-99.216217,286.0,
house,Distrito Federal,19.328833,-99.133163,140.0,
house,Distrito Federal,19.455385,-99.209835,216.0,
house,Puebla,19.071239,-98.273949,240.0,
house,Estado de México,19.501955,-99.226952,196.0,
house,Morelos,18.866121,-99.231445,180.0,
house,Querétaro,20.726007,-100.442642,330.0,
house,Yucatán,21.075163,-89.516731,192.0,
house,Tlaxcala,19.435802,-98.10286,135.0,
house,Yucatán,20.9731555,-89.6229189,250.0,
house,Estado de México,19.159458,-99.565956,79.0,
house,Puebla,19.0412967,-98.2061996,109.0,
house,Sinaloa,24.817956,-107.434033,146.0,
apartment,Sinaloa,23.299184,-106.481557,230.0,
apartment,Distrito Federal,19.36243,-99.176957,70.0,
apartment,Distrito Federal,19.390062,-99.192293,64.0,
house,Nuevo León,25.7581963,-100.2665026,135.0,
house,Querétaro,20.556261,-100.370035,112.0,
house,Chiapas,16.744808,-93.179222,350.0,
house,Yucatán,21.02594686,-89.58423615,264.0,
apartment,Quintana Roo,21.15007472,-86.83164597,165.0,
house,Chiapas,16.734121,-92.626991,100.0,
house,Querétaro,20.705742,-100.444016,223.0,
apartment,Distrito Federal,19.400731,-99.125466,80.0,
apartment,Distrito Federal,19.33923,-99.218987,83.0,
apartment,Distrito Federal,19.365383,-99.16507,81.0,
house,Yucatán,21.030668,-89.599258,350.0,
house,Morelos,18.864874,-98.925911,60.0,
apartment,Distrito Federal,19.463009,-99.131106,81.0,
house,Yucatán,21.30856674,-89.53033447,380.0,
house,Distrito Federal,19.33427,-99.083374,100.0,
apartment,Distrito Federal,19.499434,-99.111916,85.0,
apartment,Distrito Federal,19.380937,-99.179545,98.0,
house,Yucatán,21.006866,-89.618103,305.0,
house,Veracruz de Ignacio de la Llave,19.109777,-96.106922,240.0,
house,Baja California,32.459403,-116.880827,114.0,
house,Puebla,19.101185,-98.357062,90.0,
house,Querétaro,20.394361,-99.973053,354.0,
house,Yucatán,21.065001,-89.6239875,155.0,
house,Querétaro,20.646841,-100.376117,86.0,
house,Morelos,18.897581,-99.07093,306.0,
house,Yucatán,21.072905,-89.65963,171.0,
house,Morelos,18.917542,-98.963181,182.0,
house,Veracruz de Ignacio de la Llave,20.948336,-97.362764,100.0,
apartment,Distrito Federal,19.396018,-99.147827,70.0,
house,Puebla,19.051815,-98.277669,198.0,
apartment,Distrito Federal,19.309208,-99.171906,70.0,
house,Yucatán,21.0506531,-89.5588406,334.0,
house,Yucatán,21.34379622,-89.26205993,130.0,
house,Querétaro,20.587378,-100.418361,106.0,
apartment,Nuevo León,25.721081,-100.345581,72.0,67673.09
house,Morelos,23.634501,-102.552788,360.0,275897.97
apartment,Estado de México,19.2720402,-99.572013,85.0,65070.28
house,San Luis Potosí,22.13888212,-100.9965101,158.0,110359.19
apartment,Distrito Federal,19.394558,-99.129707,65.0,39468.51
house,Veracruz de Ignacio de la Llave,19.1680666,-96.160663,100.0,34877.67
apartment,Distrito Federal,19.3261963,-99.14058611,74.0,155648.1
house,Yucatán,21.0552216,-89.6583682,220.0,111244.14
house,Chihuahua,28.691416,-106.13604,236.0,109318.06
apartment,Jalisco,20.641428,-103.417295,85.0,87975.01
house,San Luis Potosí,22.126078,-100.944672,131.0,54398.75
house,Puebla,19.03642362,-98.19941841,337.0,161374.28
apartment,Distrito Federal,19.367239,-99.186126,92.0,182196.77
apartment,Guerrero,16.851935,-99.844955,195.0,104112.44
house,Veracruz de Ignacio de la Llave,19.153019,-96.12487,207.0,143154.61
house,Nuevo León,25.75013289,-100.2701137,280.0,103591.88
apartment,Estado de México,19.536253,-99.240456,99.0,65070.28
house,Chiapas,19.673779,-101.187927,210.0,135346.17
house,Baja California,32.4690603,-116.8196303,111.0,71125.09
house,Yucatán,21.030771,-89.646347,150.0,62467.46
house,Chiapas,16.717077,-93.162903,170.0,93701.2
house,Morelos,18.813908,-99.201675,86.0,52056.22
apartment,Distrito Federal,19.473001,-99.087491,79.0,35449.77
house,Yucatán,21.072905,-89.65963,190.0,96304.01
house,Querétaro,20.618279,-100.346985,237.0,156168.66
house,Yucatán,21.075163,-89.516731,300.0,114003.12
house,Guerrero,16.86597275,-99.87171739,300.0,130140.55
house,Veracruz de Ignacio de la Llave,25.582705,-103.376805,232.0,80687.14
house,Yucatán,21.017197,-89.574516,220.0,91098.39
house,Hidalgo,20.036614,-98.77615,295.0,93701.2
house,Yucatán,21.0399331,-89.5965747,240.0,98386.26
house,Morelos,18.893921,-99.221429,160.0,148360.23
house,Veracruz de Ignacio de la Llave,25.545829,-103.38708,115.0,57261.84
house,Quintana Roo,21.139086,-86.84964,290.0,117126.5
house,Chiapas,19.681248,-101.209167,180.0,70275.9
apartment,Distrito Federal,19.271467,-99.146309,98.0,129411.76
house,Chiapas,19.724886,-101.118018,120.0,72878.71
house,Estado de México,19.420156,-99.249458,378.0,317542.95
house,Guanajuato,20.684505,-101.406695,280.0,187402.39
house,Puebla,18.984862,-98.222234,299.0,229047.37
house,Distrito Federal,19.289286,-99.158066,140.0,122852.68
house,San Luis Potosí,22.150696,-101.010025,172.0,80166.58
apartment,Distrito Federal,19.444924,-99.139843,60.0,45774.75
house,Tabasco,18.017324,-92.899362,98.0,36439.35
house,Puebla,19.014643,-98.170731,286.0,257678.29
house,Tamaulipas,22.258686,-97.851753,163.0,104112.44
house,Distrito Federal,19.378482,-99.220795,100.0,198863.25
house,Morelos,18.93409,-99.254997,240.0,176991.15
house,Yucatán,21.0315095,-89.600513,325.0,184799.58
apartment,Yucatán,21.072905,-89.65963,190.0,182196.77
apartment,Morelos,18.923538,-99.241848,110.0,57261.84
house,Querétaro,20.681293,-100.329622,155.0,96304.01
house,Morelos,18.821062,-98.949371,120.0,68714.21
apartment,Guerrero,16.8531086,-99.8236533,141.0,119729.31
apartment,Puebla,19.049024,-98.281669,127.0,87975.01
house,Tamaulipas,22.34005336,-97.88609952,165.0,88495.58
house,Morelos,18.862602,-99.213448,145.0,96304.01
apartment,Yucatán,21.018724,-89.589836,60.0,46590.32
house,Jalisco,20.569456,-103.50165,176.0,122332.12
apartment,Distrito Federal,19.3934457,-99.1796926,100.0,276141.49
apartment,Distrito Federal,19.436024,-99.15461,64.0,234252.99
apartment,Distrito Federal,19.378009,-99.193543,180.0,77334.72
apartment,Distrito Federal,19.416294,-99.16748,117.0,286257.16
house,Morelos,18.859078,-99.176287,82.0,39562.73
house,Querétaro,20.692161,-100.465025,258.0,145757.42
house,Querétaro,20.394361,-99.973053,120.0,72878.71
house,Baja California,32.453504,-117.038495,111.0,71125.09
house,Tabasco,23.634501,-102.552788,82.0,44247.79
house,Estado de México,19.619862,-99.146996,75.0,36632.22
house,Hidalgo,20.059035,-98.790359,240.0,140551.8
house,Estado de México,19.468129,-99.04049,86.0,42339.67
house,Yucatán,21.0424858,-89.5568382,200.0,90317.54
house,Guerrero,16.758369,-99.768737,136.0,133243.1
house,Nuevo León,25.6315927,-100.1953926,90.0,42686.1
apartment,Quintana Roo,21.15958774,-86.82220861,145.0,164497.66
apartment,Guerrero,16.860338,-99.870399,250.0,98906.82
apartment,Guerrero,16.86656582,-99.88082886,108.0,51015.1
apartment,Jalisco,20.685983,-103.447155,64.0,76522.64
house,Yucatán,21.0751632,-89.5167298,252.0,102809.32
apartment,Distrito Federal,19.376822,-99.174675,114.0,230921.4
apartment,Puebla,19.0303511,-98.3143192,102.0,96304.01
house,Distrito Federal,19.433274,-99.210758,304.0,228948.46
apartment,Distrito Federal,19.394358,-99.177444,100.0,226892.24
house,Yucatán,21.039522,-89.563911,146.0,75481.52
house,Morelos,18.8954874,-99.1732936,154.0,92660.07
house,Puebla,18.984862,-98.222234,289.0,223841.75
house,Yucatán,21.072905,-89.65963,90.0,62467.46
house,Morelos,18.813908,-99.201675,67.0,33836.54
house,Jalisco,20.424117,-103.29756,299.0,161374.28
house,Yucatán,21.0381057,-89.5933722,182.0,103852.16
house,Estado de México,19.28283025,-99.56667352,267.0,156168.66
house,Chihuahua,28.6464221,-106.0860628,233.0,153565.85
apartment,Estado de México,19.5652097,-99.2646998,87.0,96304.01
house,Estado de México,19.284855,-98.950752,80.0,68714.21
house,Nayarit,20.70506,-105.269812,101.0,65070.28
house,Distrito Federal,19.2753576,-99.1675547,370.0,260281.1
apartment,Veracruz de Ignacio de la Llave,19.137135,-96.112946,110.0,57261.84
house,Jalisco,20.675995,-103.420837,220.0,210827.69
house,Tamaulipas,22.3151894,-97.8573594,318.0,46850.6
apartment,Distrito Federal,19.436404,-99.173617,70.0,89030.92
house,Quintana Roo,21.095711,-86.869343,147.0,97293.08
house,Baja California,32.509445,-116.985857,104.0,78084.33
house,Jalisco,20.616705,-103.413612,105.0,65070.28
house,Sinaloa,23.215713,-106.418182,315.0,249869.86
house,Yucatán,21.039522,-89.563911,277.0,145757.42
house,Yucatán,21.072905,-89.65963,240.0,121551.28
house,Yucatán,21.072905,-89.65963,201.0,74388.34
apartment,Yucatán,21.015982,-89.705116,172.0,174388.34
apartment,San Luis Potosí,22.12590752,-100.9865534,103.0,53097.35
house,Querétaro,20.547674,-100.394761,110.0,51015.1
apartment,Jalisco,20.677448,-103.400405,135.0,234252.99
house,Veracruz de Ignacio de la Llave,20.9638852,-97.4124504,88.0,44247.79
apartment,Distrito Federal,19.4034054,-99.1825418,120.0,207022.9
house,Querétaro,20.3951106,-99.9856344,180.0,72878.71
house,Estado de México,19.536936,-99.22732,270.0,182196.77
apartment,Distrito Federal,19.453142,-99.180214,68.0,52056.22
house,Veracruz de Ignacio de la Llave,19.14966827,-96.12028599,150.0,70275.9
house,Distrito Federal,19.3434214,-99.1294848,280.0,311296.2
house,Hidalgo,20.099826,-98.772656,140.0,51275.38
house,Distrito Federal,19.473623,-99.124863,147.0,121081.0
apartment,Querétaro,20.5835963,-100.3729496,144.0,158511.19
house,Puebla,23.634501,-102.552788,173.0,137948.98
house,Querétaro,20.58787576,-100.446496,111.0,68922.44
house,Colima,19.232695,-103.696887,189.0,62467.46
apartment,Baja California,32.440475,-116.983772,70.0,35866.74
house,Veracruz de Ignacio de la Llave,19.513165,-96.898109,130.0,117126.5
house,Hidalgo,23.634501,-102.552784,140.0,78084.33
house,Chihuahua,28.6983446,-106.0940375,350.0,229047.37
house,Sinaloa,24.770091,-107.444782,155.0,75481.52
house,Tamaulipas,26.078394,-98.325452,80.0,44247.79
house,Sonora,28.95479589,-111.0455946,206.0,85892.76
house,Nuevo León,25.626854,-100.188538,170.0,78084.33
house,Querétaro,20.662301,-100.441093,235.0,130140.55
apartment,Quintana Roo,21.04980598,-86.85358784,178.0,203331.6
house,Chiapas,16.740425,-93.12841,170.0,93701.2
apartment,Distrito Federal,19.395097,-99.150424,65.0,52522.28
apartment,Morelos,18.960824,-99.268107,92.0,57261.84
house,Querétaro,20.7037,-100.462857,220.0,166579.91
house,Chihuahua,28.64073,-106.109581,300.0,195210.83
apartment,Distrito Federal,19.305233,-99.12269,75.0,47110.88
apartment,Estado de México,19.379597,-99.293808,80.0,165039.04
house,Estado de México,19.26183971,-99.58393506,195.0,135346.17
apartment,Distrito Federal,19.2753576,-99.1675547,101.0,171525.25
house,Durango,25.553129,-103.510059,187.0,41644.98
apartment,Morelos,18.93409,-99.254997,130.0,93701.2
house,Distrito Federal,19.346687,-99.011513,115.0,88235.29
house,Guerrero,16.838398,-99.897744,113.0,96304.01
house,Estado de México,19.482168,-99.264038,140.0,33649.82
house,Sinaloa,24.8427771,-107.3931108,117.0,46850.6
house,Quintana Roo,21.101317,-86.862888,182.0,132743.36
house,Quintana Roo,21.164147,-86.868479,330.0,195817.8
apartment,Nuevo León,25.647146,-100.356804,100.0,197813.64
house,Nuevo León,25.64423457,-100.2966356,228.0,140551.8
house,Sonora,29.0904798,-110.9747137,298.0,182196.77
house,Baja California Sur,24.15963233,-110.3057599,96.0,65070.28
house,Jalisco,20.784784,-103.471496,79.0,40603.85
house,Tamaulipas,22.2465535,-97.8721436,109.0,78084.33
house,Estado de México,19.569101,-99.303513,180.0,248828.74
house,Yucatán,21.039522,-89.563911,214.0,116605.93
house,Querétaro,20.555649,-100.38488,325.0,204060.39
apartment,Distrito Federal,19.405298,-99.164986,74.0,222800.62
apartment,Distrito Federal,19.258038,-99.161589,160.0,145757.42
house,Morelos,18.823669,-99.227295,165.0,85892.76
apartment,Distrito Federal,19.377171,-99.188503,75.0,105570.02
house,Yucatán,21.017197,-89.574516,206.0,112467.46
house,Morelos,18.892714,-99.1996,90.0,57261.84
house,Estado de México,19.636706,-99.101569,250.0,130140.55
house,Yucatán,21.039522,-89.563911,274.0,150702.76
house,Veracruz de Ignacio de la Llave,18.134026,-94.476112,235.0,163977.1
house,Yucatán,21.07671918,-89.62775633,155.0,67152.52
apartment,Distrito Federal,19.401509,-99.154034,90.0,115131.08
house,Tabasco,18.072582,-93.165413,350.0,65590.84
house,Yucatán,21.072905,-89.65963,190.0,96304.01
house,Tamaulipas,22.247913,-97.875565,263.0,125976.05
house,San Luis Potosí,22.148722,-101.00119,190.0,114523.69
house,Baja California,32.494743,-117.016784,92.0,51015.1
house,San Luis Potosí,22.18978923,-100.9525537,138.0,49453.41
house,Puebla,18.96295456,-98.27967882,222.0,149921.92
house,Morelos,18.8859084,-99.19064,110.0,85892.76
house,Chihuahua,28.643902,-106.130157,355.0,257678.29
apartment,Distrito Federal,19.347683,-99.165877,135.0,234252.99
apartment,Distrito Federal,19.375374,-99.137657,110.0,77043.21
house,Distrito Federal,19.52395,-99.152881,95.0,146017.7
house,Guerrero,16.757619,-99.767532,140.0,143154.61
house,Yucatán,21.075163,-89.516731,197.0,90057.26
house,Puebla,19.02038,-98.207626,380.0,203019.26
house,Aguascalientes,21.9243493,-102.2833909,140.0,35398.23
house,Quintana Roo,21.1351429,-86.837489,80.0,44247.79
apartment,Distrito Federal,19.39365,-99.14769,75.0,155767.83
house,Nuevo León,25.733049,-100.22847,200.0,68714.21
house,Baja California Sur,24.141701,-110.347267,275.0,182196.77
house,Jalisco,20.579091,-103.430379,164.0,85892.76
house,Nuevo León,25.731798,-100.349091,180.0,73422.85
house,Estado de México,19.672207,-99.015656,122.0,137948.98
apartment,Estado de México,19.401066,-99.277168,190.0,301926.08
house,Yucatán,21.00227,-89.5650908,131.0,68818.32
house,Quintana Roo,20.680066,-87.038345,208.0,174908.9
apartment,Guerrero,16.86483064,-99.87526059,61.0,44247.79
house,Jalisco,20.760167,-103.379168,83.0,44247.79
house,Yucatán,21.02838037,-89.56463993,174.0,35137.95
house,Tlaxcala,19.341597,-98.215828,180.0,166579.91
house,Veracruz de Ignacio de la Llave,25.596904,-103.4203,118.0,44247.79
house,Chiapas,19.665554,-101.235738,115.0,76782.93
house,Estado de México,19.650003,-99.220367,245.0,98906.82
house,Nuevo León,25.7708161,-100.4340179,100.0,59864.65
house,Tamaulipas,22.2331041,-97.861099,130.0,91098.39
house,Nuevo León,25.723276,-100.401518,278.0,237896.93
house,Puebla,19.044477,-98.328011,260.0,234252.99
house,Estado de México,19.562922,-99.254974,120.0,45288.91
apartment,Nuevo León,25.580088,-100.239685,130.0,103071.32
house,Puebla,19.055344,-98.212046,146.0,75481.52
house,Morelos,23.634501,-102.552788,290.0,218636.13
apartment,Distrito Federal,19.34189,-99.166374,80.0,96611.14
house,Estado de México,19.404718,-99.263313,139.0,249869.86
house,Querétaro,20.675023,-100.457086,304.0,270692.35
house,Estado de México,19.532259,-99.23214,220.0,201769.91
house,Tamaulipas,22.313122,-97.858559,193.0,49453.41
house,Tamaulipas,22.29275303,-97.89062485,88.0,59864.65
house,Morelos,18.864874,-98.925911,130.0,85892.76
house,Querétaro,20.726007,-100.442642,290.0,197293.08
house,Nayarit,20.7204378,-105.2706825,152.0,65070.28
house,Veracruz de Ignacio de la Llave,19.1368849,-96.1093008,130.0,57261.84
apartment,Estado de México,19.291351,-99.668945,85.0,47475.27
apartment,Morelos,18.9242095,-99.2215659,80.0,39042.17
apartment,Quintana Roo,21.152496,-86.869834,99.0,145757.42
house,Puebla,19.027103,-98.270025,166.0,82248.83
house,Nuevo León,25.56551,-100.223213,350.0,221238.94
house,Morelos,18.813505,-98.953514,140.0,62467.46
house,Yucatán,21.039522,-89.563911,253.0,118948.46
house,Morelos,18.804409,-98.959038,230.0,65070.28
house,Nuevo León,25.584658,-100.257912,350.0,259760.54
house,Estado de México,19.225745,-99.567856,270.0,205622.07
house,Jalisco,20.763189,-103.389053,95.0,80687.14
house,Distrito Federal,19.383512,-99.084804,115.0,93180.64
house,Jalisco,20.6460186,-105.2267944,160.0,124934.93
apartment,Distrito Federal,19.367025,-99.170349,85.0,163977.1
house,Querétaro,20.604974,-100.409786,110.0,51535.66
house,Aguascalientes,21.93248,-102.297005,305.0,190005.21
house,San Luis Potosí,22.133745,-101.016029,126.0,111868.82
apartment,Puebla,19.054064,-98.245911,87.0,46460.18
house,Puebla,19.0303511,-98.3143192,122.0,112441.44
house,Morelos,18.947784,-99.201675,300.0,239458.62
apartment,Distrito Federal,19.3418937,-99.2245237,145.0,242061.43
house,Veracruz de Ignacio de la Llave,20.963127,-97.385071,200.0,182196.77
house,Estado de México,19.550089,-99.214828,87.0,50442.48
house,Tamaulipas,22.307415,-97.859846,61.0,33315.98
house,Morelos,18.8879389,-99.0247871,76.0,67673.09
house,Yucatán,21.030668,-89.599258,144.0,85840.71
apartment,Veracruz de Ignacio de la Llave,19.10283721,-96.11123085,160.0,91098.39
house,Distrito Federal,19.353592,-99.177275,360.0,228318.58
house,Yucatán,21.01144518,-89.57977295,222.0,111920.87
house,Estado de México,19.263756,-99.540924,134.0,91098.39
house,Estado de México,19.415097,-98.918523,85.0,48932.85
house,Distrito Federal,19.471368,-99.08649,280.0,139510.67
house,Veracruz de Ignacio de la Llave,19.125807,-96.104954,251.0,137948.98
house,Distrito Federal,19.414261,-99.104118,167.0,234252.99
house,Baja California,32.469454,-117.003688,93.0,88443.52
house,Estado de México,19.5224961,-99.255074,230.0,225195.21
house,Yucatán,21.039522,-89.563911,181.0,96824.57
house,Quintana Roo,20.6295586,-87.0738851,143.0,126496.62
house,Veracruz de Ignacio de la Llave,19.17078,-96.12487,380.0,234252.99
house,Chiapas,16.756552,-93.181732,326.0,190116.19
house,Querétaro,20.5745579,-100.4129676,160.0,192608.02
house,Jalisco,20.62192,-103.259237,250.0,109318.06
apartment,Yucatán,21.06334852,-89.61303592,60.0,46277.98
house,Nuevo León,25.749624,-100.304192,172.0,119729.31
house,Puebla,19.036623,-98.190544,204.0,78084.33
house,Distrito Federal,19.358008,-99.127094,95.0,100052.06
house,Chiapas,19.701565,-101.270798,250.0,62467.46
apartment,Distrito Federal,19.415143,-99.14685,70.0,36022.9
house,Veracruz de Ignacio de la Llave,18.1479784,-94.4626507,157.0,119729.31
apartment,Guerrero,16.794599,-99.83012,230.0,205622.07
house,Querétaro,20.594322,-100.365929,298.0,171785.53
house,Morelos,18.919898,-98.978835,190.0,96304.01
house,Veracruz de Ignacio de la Llave,19.074387,-96.086259,245.0,149661.63
house,Guerrero,16.758724,-99.767563,142.0,98906.82
house,Estado de México,19.650003,-99.220367,132.0,135606.45
house,Estado de México,19.72876,-99.461708,90.0,69495.05
house,Jalisco,23.634501,-102.552788,127.0,83289.95
house,Yucatán,20.999449,-89.6334,300.0,226444.56
house,Yucatán,21.0411724,-89.5550539,215.0,97089.28
house,Puebla,19.105051,-98.243682,170.0,96304.01
apartment,Yucatán,21.0381057,-89.5933722,186.0,147113.69
house,Veracruz de Ignacio de la Llave,19.136782,-96.123543,210.0,88495.58
house,Baja California,32.63496,-115.391907,110.0,101509.63
house,Yucatán,21.039522,-89.563911,223.0,124550.08
house,Veracruz de Ignacio de la Llave,25.535009,-103.302429,350.0,41644.98
house,Nayarit,20.7053975,-105.2684878,101.0,65070.28
house,Veracruz de Ignacio de la Llave,25.659972,-103.366303,170.0,48932.85
house,Tamaulipas,22.2722052,-97.8476749,214.0,127537.74
house,Morelos,18.867191,-99.180214,184.0,85892.76
house,Querétaro,20.6962084,-100.4506587,120.0,75481.52
house,Distrito Federal,19.285162,-99.194185,150.0,108797.5
house,Estado de México,19.497893,-99.244125,250.0,231650.18
apartment,Guerrero,23.634501,-102.552788,170.0,156168.66
house,Sonora,23.634501,-102.552788,383.0,182196.77
house,Querétaro,20.389062,-99.957622,95.0,48412.29
apartment,Guerrero,16.828667,-99.858981,137.0,96304.01
house,Querétaro,20.705742,-100.444016,258.0,208224.88
apartment,Distrito Federal,19.35782,-99.149406,80.0,67412.81
house,Morelos,18.864874,-98.925911,121.0,65070.28
house,Distrito Federal,19.342911,-99.224472,120.0,170069.34
house,Estado de México,23.634501,-102.552788,228.0,147371.16
house,Sonora,29.063726,-110.976746,102.0,57261.84
house,Nuevo León,25.801826,-100.196945,190.0,103591.88
house,Querétaro,20.5951924,-100.3479663,180.0,118688.18
house,Puebla,19.059084,-98.286095,165.0,93701.2
house,Estado de México,23.634501,-102.552788,150.0,34981.78
apartment,Querétaro,20.726007,-100.442642,135.0,114523.69
house,Yucatán,21.0278699,-89.5880314,240.0,182196.77
house,Morelos,18.91473109,-98.94081116,140.0,117126.5
house,Yucatán,20.968147,-89.629875,70.0,78084.33
house,Nuevo León,25.674595,-100.463539,234.0,111920.87
house,Yucatán,21.039522,-89.563911,220.0,117126.5
house,Morelos,18.850763,-98.943855,160.0,83289.95
house,Querétaro,20.726007,-100.442642,250.0,192608.02
apartment,Puebla,19.056689,-98.237817,120.0,114523.69
house,Tamaulipas,22.270658,-97.849037,380.0,260281.1
house,Jalisco,20.748312,-103.429504,96.0,76782.93
house,Querétaro,20.614635,-100.416756,139.0,91098.39
house,San Luis Potosí,22.152988,-100.965364,250.0,114523.69
house,Yucatán,21.039522,-89.563911,220.0,93180.64
house,Nuevo León,25.723516,-100.393311,290.0,179281.62
house,Veracruz de Ignacio de la Llave,19.563767,-96.938694,300.0,226444.56
apartment,Distrito Federal,19.474885,-99.188231,92.0,70275.9
house,Morelos,18.8624622,-99.2120335,261.0,218636.13
house,Estado de México,19.508698,-98.875664,260.0,44299.84
house,Yucatán,20.968791,-89.5857147,228.0,65799.06
apartment,Estado de México,19.3735635,-99.2965778,126.0,140551.8
house,Tamaulipas,22.2453265,-97.8431699,131.0,72878.71
apartment,Distrito Federal,19.303392,-99.243225,80.0,51855.13
apartment,Guerrero,16.794434,-99.830807,256.0,303769.7
house,Tamaulipas,22.300137,-97.897331,111.0,62467.46
house,Jalisco,20.749051,-103.66731,300.0,145757.42
house,Veracruz de Ignacio de la Llave,26.847851,-101.424133,160.0,66293.6
house,Baja California,23.634501,-102.552788,115.0,42165.54
apartment,Puebla,19.02038,-98.207626,219.0,100208.22
house,Hidalgo,20.0519991,-98.755252,110.0,44247.79
house,Yucatán,21.0634817,-89.6110378,250.0,117126.5
house,Distrito Federal,19.399652,-99.16127,235.0,203019.26
house,Durango,24.043295,-104.636917,350.0,234252.99
house,Veracruz de Ignacio de la Llave,25.551631,-103.432737,236.0,39042.17
house,Querétaro,20.574251,-100.388476,195.0,62467.46
apartment,Distrito Federal,19.482603,-99.194748,60.0,78084.33
house,Morelos,18.953268,-99.224525,201.0,78084.33
apartment,Morelos,18.891611,-99.221756,93.0,48932.85
apartment,San Luis Potosí,22.1441622,-101.0358237,160.0,88443.52
house,Estado de México,19.2693686,-99.6021262,250.0,291514.84
house,Yucatán,21.0749983,-89.5195181,242.0,100770.43
house,Puebla,18.462721,-97.414111,250.0,143154.61
house,Estado de México,19.595285,-99.050201,120.0,36439.35
house,Sonora,27.934649,-110.94401,134.0,57261.84
house,Sinaloa,24.79119169,-107.3835468,300.0,143154.61
house,Distrito Federal,19.500286,-99.122093,180.0,117126.5
house,Yucatán,21.072905,-89.65963,253.0,109318.06
house,Tlaxcala,19.4171734,-98.1434147,140.0,44247.79
house,Yucatán,21.008295,-89.591019,250.0,156481.0
house,Morelos,18.864482,-98.928802,121.0,65070.28
house,Distrito Federal,19.366935,-99.077541,208.0,76246.75
house,San Luis Potosí,23.634501,-102.552788,198.0,109318.06
house,Chiapas,16.757278,-93.134056,255.0,163239.51
house,Nayarit,20.697244,-105.274384,160.0,153565.85
house,Puebla,19.02038,-98.207626,330.0,182196.77
house,Quintana Roo,21.1773896,-86.8179603,290.0,117126.5
house,Guerrero,16.855229,-99.918871,150.0,57261.84
house,Tabasco,17.97423,-92.923836,110.0,54659.03
house,Distrito Federal,19.313719,-99.231792,300.0,102550.75
house,Durango,25.58972991,-103.4631872,118.0,49453.41
house,Quintana Roo,21.161908,-86.8515279,204.0,155648.1
house,Yucatán,21.03071,-89.618103,131.0,70275.9
apartment,Distrito Federal,19.39912,-99.141464,74.0,173451.33
house,Yucatán,21.05632272,-89.66288656,220.0,104112.44
house,Estado de México,19.5139313,-99.2281847,160.0,105205.62
house,Querétaro,20.598278,-100.33121,140.0,91618.95
house,Sinaloa,23.270559,-106.389061,158.0,70275.9
house,Baja California Sur,23.634501,-102.552788,80.0,49453.41
apartment,Guerrero,16.85952231,-99.86284733,142.0,109318.06
house,Morelos,18.884224,-98.982506,150.0,45809.47
house,Morelos,18.862602,-99.213448,160.0,102030.19
apartment,Distrito Federal,19.40012,-99.1532,84.0,92347.74
house,Veracruz de Ignacio de la Llave,25.55617,-103.481529,307.0,109318.06
house,Veracruz de Ignacio de la Llave,25.573046,-103.443045,200.0,35398.23
house,Morelos,18.858107,-99.200287,105.0,71785.53
house,Chihuahua,28.6569304,-106.0919272,115.0,67673.09
house,Veracruz de Ignacio de la Llave,28.684125,-100.541089,160.0,44247.79
house,Tamaulipas,22.254078,-97.824554,140.0,59864.65
house,Chiapas,16.766455,-93.111488,240.0,66631.96
house,Querétaro,20.545198,-100.407191,140.0,54659.03
house,San Luis Potosí,22.18774276,-100.9580845,200.0,66892.24
house,Morelos,18.864874,-98.925911,86.0,45809.47
apartment,San Luis Potosí,22.133104,-100.982117,130.0,71837.58
house,Tamaulipas,26.079573,-98.282845,268.0,114523.69
apartment,Veracruz de Ignacio de la Llave,19.127317,-96.106186,160.0,150963.04
apartment,Distrito Federal,19.340305,-99.214455,60.0,119729.31
house,Estado de México,19.517476,-99.272892,170.0,96824.57
house,Estado de México,19.552838,-99.251161,80.0,43623.11
apartment,Distrito Federal,19.35743172,-99.28732574,67.0,137948.98
house,Estado de México,19.69323,-99.22522,70.0,52517.44
house,Distrito Federal,19.325944,-99.098311,250.0,106715.25
house,Jalisco,20.621093,-103.319042,380.0,192608.02
house,Baja California,32.647057,-115.421524,176.0,101509.63
house,San Luis Potosí,22.141575,-100.900192,245.0,83289.95
house,Puebla,18.978682,-98.250015,128.0,67673.09
house,Querétaro,20.619887,-100.392302,350.0,192608.02
house,Morelos,18.892714,-99.1996,285.0,195210.83
house,Tamaulipas,22.329824,-97.880325,200.0,182196.77
apartment,Distrito Federal,19.322523,-99.141464,78.0,148360.23
house,Chiapas,16.70635,-93.177151,115.0,53097.35
house,Estado de México,19.297163,-99.635183,230.0,104112.44
house,Veracruz de Ignacio de la Llave,20.95062266,-97.42163144,64.0,44247.79
house,Yucatán,20.9725515,-89.6004394,229.0,51015.1
house,Distrito Federal,19.317675,-99.09318,229.0,182196.77
house,Morelos,18.879347,-99.179871,95.0,70275.9
house,Durango,25.625198,-103.499954,132.0,45288.91
apartment,Distrito Federal,19.401507,-99.14682,90.0,90057.26
apartment,Distrito Federal,19.474285,-99.084981,74.0,35606.45
house,Morelos,18.928623,-99.247382,220.0,88495.58
house,Querétaro,20.520556,-99.895833,350.0,203019.26
house,Nuevo León,25.662563,-100.18013,350.0,156168.66
house,Sinaloa,23.246303,-106.398103,200.0,52056.22
house,Morelos,18.969294,-99.249802,198.0,135346.17
apartment,Guerrero,16.75063911,-99.76263069,70.0,43206.66
house,Distrito Federal,19.335116,-99.223332,90.0,169703.28
apartment,Distrito Federal,19.402944,-99.199727,70.0,60572.62
house,Estado de México,19.682219,-99.118782,188.0,161374.28
house,Nuevo León,25.7214602,-100.2735673,85.0,62467.46
house,Querétaro,20.5980665,-100.4308988,115.0,70275.9
house,Nuevo León,25.672399,-100.257777,123.0,63508.59
apartment,Distrito Federal,19.399815,-99.150806,90.0,118688.18
house,Yucatán,20.9550515,-89.6793392,120.0,40603.85
house,Chiapas,16.228815,-92.128043,147.0,67673.09
apartment,Jalisco,20.69064,-103.393175,166.0,271591.1
house,Estado de México,19.258327,-99.598374,215.0,244403.96
house,Querétaro,20.726007,-100.442642,295.0,270692.35
apartment,Distrito Federal,19.403334,-99.157755,125.0,238425.3
apartment,Baja California,32.451368,-116.973935,70.0,35697.55
house,Aguascalientes,21.901482,-102.34405,350.0,200416.45
house,Jalisco,20.302476,-103.23781,340.0,309682.46
house,Puebla,19.076204,-98.266733,117.0,70275.9
apartment,Distrito Federal,19.48778,-99.110583,65.0,52056.22
house,Distrito Federal,19.3176966,-99.0612554,100.0,108016.66
house,Quintana Roo,21.129547,-86.817017,180.0,96304.01
house,Puebla,19.046724,-98.254127,136.0,118938.05
apartment,Distrito Federal,19.352431,-99.288369,80.0,150963.04
house,Morelos,18.858107,-99.200287,92.0,51826.13
house,Querétaro,20.6536084,-100.3469826,130.0,87975.01
house,Nuevo León,25.7542524,-100.4034274,137.0,70275.9
house,Yucatán,21.006756,-89.570984,155.0,70275.9
house,Morelos,18.891621,-99.071698,68.0,41124.41
house,Distrito Federal,19.317653,-99.236291,350.0,174388.34
house,Tamaulipas,22.246319,-97.86264,163.0,111920.87
apartment,Distrito Federal,23.634501,-102.552788,100.0,78084.33
apartment,Distrito Federal,19.3651763,-99.2300641,66.0,65070.28
house,Querétaro,20.593055,-100.333424,175.0,93701.2
house,Nuevo León,25.6910283,-100.3568071,340.0,307131.7
house,Jalisco,20.594706,-103.396278,90.0,51015.1
house,Veracruz de Ignacio de la Llave,23.634501,-102.552788,148.0,80687.14
house,Puebla,18.989918,-98.2295,220.0,88495.58
house,Puebla,19.043993,-98.25757,188.0,78084.33
house,Hidalgo,20.1213329,-98.7818531,66.0,33836.54
house,Nayarit,20.733392,-105.288009,172.0,117126.5
apartment,Distrito Federal,19.400249,-99.177444,150.0,270692.35
house,Yucatán,21.023252,-89.614571,300.0,161374.28
house,Hidalgo,20.124367,-98.735725,176.0,81572.1
house,Veracruz de Ignacio de la Llave,25.510947,-103.357724,146.0,46850.6
apartment,Distrito Federal,19.480501,-99.178139,70.0,45288.91
house,Yucatán,21.030668,-89.599258,305.0,187402.39
house,Querétaro,20.679045,-100.341225,157.0,101509.63
house,Aguascalientes,21.9633957,-102.343524,146.0,41124.41
house,Baja California,32.469498,-116.96022,111.0,33836.54
house,Tamaulipas,22.329824,-97.880325,138.0,82248.83
apartment,Yucatán,21.039522,-89.563911,145.0,124915.88
house,Chiapas,19.701769,-101.145103,120.0,33836.54
apartment,Guerrero,16.870413,-99.873192,150.0,190005.21
house,Estado de México,19.765149,-98.646915,380.0,103591.88
apartment,Distrito Federal,19.372248,-99.133377,65.0,55952.73
house,Distrito Federal,19.280767,-99.033615,349.0,94301.15
apartment,Distrito Federal,19.389791,-99.164696,154.0,260281.1
house,Yucatán,21.039522,-89.563911,350.0,158771.47
house,Estado de México,19.668947,-99.224525,90.0,39562.73
house,Puebla,19.009069,-98.196693,148.0,88495.58
house,Baja California,32.494823,-117.016725,92.0,51015.1
apartment,Distrito Federal,19.314545,-99.140672,122.0,242061.43
house,San Luis Potosí,22.1447396,-101.0273412,166.0,98906.82
house,Jalisco,20.64338,-103.431613,120.0,70275.9
house,Baja California,30.733356,-115.984407,200.0,88495.58
house,Estado de México,19.553615,-99.248715,260.0,145757.42
apartment,Distrito Federal,19.405298,-99.164986,80.0,222800.62
house,Querétaro,20.5969621,-100.3337597,193.0,117126.5
house,Morelos,23.634501,-102.552788,115.0,56220.72
house,Distrito Federal,19.34016,-99.194081,90.0,79079.91
house,Yucatán,21.075163,-89.516731,185.0,74440.4
house,Tamaulipas,22.257896,-97.86808,200.0,140551.8
apartment,Guerrero,16.8531086,-99.8236533,138.0,67673.09
house,Puebla,19.027384,-98.265213,160.0,119729.31
house,Estado de México,19.309069,-99.602311,146.0,98906.82
house,Sinaloa,23.20485,-106.424401,200.0,117126.5
house,Chihuahua,28.631943,-106.117668,170.0,80687.14
house,Yucatán,21.0399331,-89.5965747,235.0,126817.02
house,Guerrero,16.8808724,-99.9359641,104.0,44247.79
house,Baja California Sur,24.125583,-110.330846,128.0,93180.64
house,Estado de México,19.269808,-99.593781,238.0,195210.83
apartment,Distrito Federal,19.41498,-99.177444,164.0,286309.21
house,Yucatán,20.996355,-89.583946,248.0,124934.93
house,Morelos,18.954132,-99.266083,85.0,54659.03
house,Estado de México,19.494789,-99.270887,151.0,104633.0
house,Guerrero,17.6474239,-101.5455504,119.0,123706.4
house,Estado de México,19.2666119,-99.6403991,191.0,114523.69
house,Quintana Roo,21.161908,-86.8515279,210.0,102811.04
apartment,Distrito Federal,19.377171,-99.188503,72.0,105570.02
apartment,Distrito Federal,19.2790911,-99.2114234,76.0,40150.03
house,Jalisco,20.660534,-103.318809,345.0,67673.09
house,Veracruz de Ignacio de la Llave,20.95618,-97.408578,112.0,104112.44
house,San Luis Potosí,22.141575,-100.900192,229.0,111848.0
apartment,Distrito Federal,19.443178,-99.20237,115.0,236074.96
house,Yucatán,21.05258302,-89.53863859,168.0,79829.05
house,Estado de México,19.621174,-99.148073,100.0,36439.35
house,Puebla,18.915431,-98.435252,200.0,98386.26
house,Tabasco,17.962037,-92.973569,139.0,65070.28
apartment,Distrito Federal,19.30102797,-99.14421916,108.0,85892.76
apartment,Veracruz de Ignacio de la Llave,20.949051,-97.364006,300.0,192608.02
house,Estado de México,19.627731,-99.30194,146.0,45288.91
house,Baja California Sur,24.03902146,-110.3097618,250.0,153565.85
house,Quintana Roo,21.112447,-86.85264,180.0,130140.55
apartment,Distrito Federal,19.451872,-99.173522,70.0,66111.4
house,Morelos,18.913485,-99.240456,80.0,67673.09
house,Morelos,18.840925,-98.934196,110.0,93701.2
apartment,Distrito Federal,19.3819271,-99.1891539,90.0,176496.62
house,Veracruz de Ignacio de la Llave,25.558637,-103.449786,250.0,114523.69
house,Jalisco,20.764135,-103.339958,140.0,83289.95
apartment,Distrito Federal,19.385989,-99.186285,107.0,78474.75
house,Chihuahua,28.6329957,-106.0691004,290.0,193388.86
house,Puebla,18.996482,-98.239653,100.0,39042.17
apartment,Distrito Federal,19.401507,-99.14682,65.0,90057.26
house,Querétaro,20.726007,-100.442642,135.0,114523.69
house,Morelos,18.795519,-99.231445,165.0,92660.07
house,Morelos,18.885848,-98.973834,82.0,74867.26
house,Querétaro,20.403807,-99.990905,110.0,61426.34
house,San Luis Potosí,22.134478,-100.929138,97.0,40343.57
house,Estado de México,19.5562275,-99.2674713,64.0,52056.17
apartment,Querétaro,20.726007,-100.442642,173.0,229047.37
house,Nuevo León,25.757803,-100.404541,179.0,98386.26
house,San Luis Potosí,22.1593377,-101.0443504,187.0,98906.82
house,Querétaro,20.726007,-100.442642,180.0,126496.62
house,Distrito Federal,19.475765,-99.145,270.0,130140.55
house,Querétaro,20.6490506,-100.4393293,380.0,296720.46
house,Puebla,19.060701,-98.329774,255.0,137948.98
house,Veracruz de Ignacio de la Llave,25.365447,-100.9942,167.0,75169.18
apartment,Guerrero,23.634501,-102.552788,180.0,104112.44
house,Baja California,32.589504,-115.363762,86.0,41124.41
apartment,Distrito Federal,19.383952,-99.160229,110.0,174399.79
house,Puebla,18.97302,-98.206238,210.0,148360.23
apartment,Baja California Sur,24.16478214,-110.3053683,71.0,41644.98
apartment,Yucatán,21.072905,-89.65963,210.0,102876.11
house,Nuevo León,25.758963,-100.316811,175.0,65070.28
house,Puebla,19.0378006,-98.3007086,165.0,110359.19
house,Distrito Federal,19.3870644,-99.0362059,300.0,132743.36
house,Estado de México,19.5329337,-99.164866,290.0,242061.43
house,Tlaxcala,19.29712,-98.255075,160.0,67673.09
house,Morelos,23.634501,-102.552788,110.0,67673.09
house,Querétaro,20.70706703,-100.4718161,309.0,192608.02
house,Puebla,19.046589,-98.102929,92.0,32795.42
house,Nuevo León,25.7394971,-100.2754971,164.0,65070.28
house,Veracruz de Ignacio de la Llave,19.100079,-96.121007,220.0,148360.23
house,San Luis Potosí,22.147087,-100.960213,105.0,57261.84
house,Guanajuato,21.1264477,-101.611078,250.0,119208.75
house,Morelos,18.917542,-98.963181,140.0,75481.52
house,Distrito Federal,19.472128,-99.146697,190.0,101145.24
house,Estado de México,19.234984,-99.558175,115.0,109318.06
house,Puebla,18.9187144,-98.4266391,90.0,46330.04
house,Yucatán,21.075163,-89.516731,185.0,88235.29
apartment,Distrito Federal,19.52589,,71.0,48550.59
house,Estado de México,19.2640539,,233.0,168636.73
house,Estado de México,19.268629,,300.0,86932.69
apartment,Veracruz de Ignacio de la Llave,19.511938,,84.0,68508.67
house,Jalisco,20.689157,,175.0,102763.0
house,Yucatán,21.0441317,,223.0,126477.54
house,Quintana Roo,21.129547,,179.0,121207.64
house,Guanajuato,21.003574,,205.0,226869.1
house,Chiapas,19.667873,,130.0,76395.4
apartment,Distrito Federal,19.443178,,67.0,50052.15
apartment,Distrito Federal,19.396593,,80.0,51076.22
house,Guanajuato,21.1299039,,263.0,152932.43
house,Nuevo León,25.625994,,367.0,216014.58
apartment,Distrito Federal,19.524143,,60.0,34246.21
apartment,Distrito Federal,19.386959,,120.0,100104.31
house,Veracruz de Ignacio de la Llave,20.949741,,320.0,158059.45
house,Morelos,18.920345,,122.0,103500.79
apartment,Guerrero,16.863794,,191.0,237145.4
house,Veracruz de Ignacio de la Llave,19.136782,,220.0,104319.23
apartment,Distrito Federal,19.403334,,153.0,65633.66
house,Yucatán,21.0411724,,205.0,90115.25
house,Veracruz de Ignacio de la Llave,25.441315,,120.0,110667.85
house,Baja California,32.425724,,115.0,62585.3
house,Estado de México,19.484794,,260.0,91674.48
apartment,Distrito Federal,19.378533,,107.0,79443.7
house,Nuevo León,25.740887,,192.0,115910.26
house,Chiapas,16.769737,,106.0,52686.48
house,Jalisco,20.650429,,190.0,150192.08
apartment,Distrito Federal,19.387613,,103.0,50942.31
house,Morelos,18.890867,,171.0,105397.95
apartment,Quintana Roo,21.139086,,203.0,189716.32
apartment,Distrito Federal,19.413079,,140.0,273969.71
house,Distrito Federal,19.410826,,160.0,157532.58
house,Morelos,18.900852,,200.0,173865.39
apartment,Distrito Federal,19.428767,,75.0,56689.55
house,Estado de México,19.595285,,149.0,100104.31
apartment,Estado de México,19.531834,,117.0,144922.18
house,Morelos,18.818652,,293.0,110667.85
house,Veracruz de Ignacio de la Llave,23.634501,,233.0,99577.45
house,Quintana Roo,21.137991,,280.0,92201.34
house,Veracruz de Ignacio de la Llave,18.7696195,,160.0,92130.98
house,San Luis Potosí,22.169217188,,190.0,99050.58
house,Nuevo León,23.634501,,200.0,98523.72
house,Estado de México,19.101794,,300.0,52686.48
house,Veracruz de Ignacio de la Llave,19.517859,,180.0,123842.59
house,Distrito Federal,19.2790911,,117.0,142253.5
apartment,Oaxaca,15.752900306,,83.0,68245.17
apartment,Distrito Federal,19.302422,,104.0,103370.88
house,Distrito Federal,19.343664,,350.0,242357.82
apartment,Guerrero,16.868438,,100.0,79029.72
house,Morelos,18.93409,,198.0,123813.23
house,Estado de México,19.534415,,280.0,55039.77
house,Puebla,19.043223,,168.0,92201.34
apartment,Puebla,19.0527224248,,75.0,81683.41
house,Morelos,18.981213,,200.0,115910.26
apartment,Distrito Federal,19.395097,,80.0,53158.13
house,Morelos,18.862602,,305.0,189716.32
house,Jalisco,20.594334,,90.0,57955.13
house,Puebla,18.9915056,,152.0,105397.95
apartment,San Luis Potosí,22.125832,,144.0,100128.05
apartment,Nuevo León,25.592172,,87.0,173490.81
house,Estado de México,19.295469,,84.0,49986.51
house,Guanajuato,20.703063,,90.0,55320.8
house,Chiapas,19.670241,,190.0,165962.42
house,Yucatán,20.9591553064,,135.0,89587.99
house,Jalisco,20.635013,,200.0,120652.04
house,Chiapas,19.673779,,260.0,158059.45
apartment,Tabasco,17.997911,,125.0,210745.93
apartment,Estado de México,19.508253,,113.0,153686.47
apartment,Morelos,18.937398,,127.0,131747.44
apartment,Baja California,32.486253,,63.0,36817.31
house,Puebla,18.9802279987,,272.0,210795.91
house,Querétaro,20.5969621,,95.0,52698.97
house,Yucatán,21.0181429,,180.0,72724.58
house,Chihuahua,28.6275048,,212.0,44256.64
house,Querétaro,20.723525,,248.0,151210.2
house,Querétaro,20.729762,,198.0,131716.2
house,Veracruz de Ignacio de la Llave,18.7696195,,245.0,147557.13
house,Distrito Federal,19.410632,,140.0,162801.23
house,Estado de México,19.672207,,158.0,86247.77
house,Chihuahua,28.6103324259,,200.0,134382.39
house,Baja California Sur,23.634501,,100.0,44730.82
apartment,Tabasco,17.928942,,67.0,35826.8
house,Jalisco,20.572651,,270.0,250260.79
house,Veracruz de Ignacio de la Llave,19.1553371,,282.0,68508.67
house,Veracruz de Ignacio de la Llave,20.957177,,350.0,115910.26
house,Nuevo León,25.7815621,,108.0,35036.51
house,Yucatán,21.039522,,162.0,83226.17
house,Querétaro,20.543838,,145.0,115910.26
house,Veracruz de Ignacio de la Llave,19.1564195,,190.0,124633.08
house,Distrito Federal,19.275725,,80.0,132559.19
house,Morelos,18.90666,,330.0,184402.69
apartment,Distrito Federal,19.342083,,83.0,52574.87
house,Querétaro,20.570164,,135.0,78521.47
house,Morelos,18.926468,,340.0,289775.66
apartment,Distrito Federal,19.368553,,174.0,89430.16
house,Querétaro,20.5828187131,,93.0,59022.85
apartment,Distrito Federal,19.427607,,102.0,177267.41
house,Chiapas,16.770111,,144.0,71126.75
apartment,Distrito Federal,19.460046,,70.0,79029.72
house,Morelos,18.9015371,,200.0,123842.59
house,Chiapas,16.748295,,140.0,84298.37
house,Querétaro,20.5198184,,123.0,85178.23
house,Morelos,18.890867,,150.0,86932.69
house,Estado de México,19.682383,,74.0,33350.54
house,Querétaro,20.582091,,300.0,237089.17
apartment,Puebla,19.0733273,,164.0,184446.42
house,Quintana Roo,21.161908,,220.0,136984.85
apartment,Morelos,18.949474,,129.0,137017.34
house,Morelos,18.795519,,71.0,36353.67
house,Veracruz de Ignacio de la Llave,25.484016,,290.0,115910.26
house,Querétaro,20.536322,,280.0,205477.28
house,Distrito Federal,19.343424,,182.0,68492.42
house,Colima,19.274727,,329.0,104343.97
house,Querétaro,20.5412697,,110.0,59022.85
house,Nuevo León,25.7296370244,,310.0,237145.4
house,Morelos,18.835054,,250.0,68492.42
apartment,Distrito Federal,19.368475,,81.0,149629.61
house,Distrito Federal,19.285891,,210.0,85949.19
apartment,Distrito Federal,19.392302,,150.0,222924.2
house,Distrito Federal,19.2925929444,,96.0,138598.31
house,Querétaro,20.5426931,,260.0,122525.12
house,Veracruz de Ignacio de la Llave,19.0652948,,239.0,138334.81
house,Jalisco,20.6129,,275.0,163328.09
apartment,Puebla,18.983398,,192.0,121207.64
house,Chiapas,19.657836,,260.0,68492.42
house,Yucatán,21.03071,,126.0,77467.49
house,Chiapas,19.710472,,190.0,63223.78
house,Estado de México,19.476202,,230.0,289775.66
house,Chihuahua,28.663404,,182.0,326733.66
house,Jalisco,20.726262,,206.0,168596.74
house,Veracruz de Ignacio de la Llave,19.137135,,125.0,60589.45
house,Estado de México,19.5224623443,,210.0,202842.96
apartment,Querétaro,20.696185,,132.0,93781.94
house,Hidalgo,20.092012,,116.0,84087.62
house,Baja California,32.601212,,102.0,33982.78
house,Chiapas,16.765467,,370.0,192305.66
house,Yucatán,21.039522,,195.0,91632.19
apartment,Puebla,18.989942,,100.0,55847.67
house,Veracruz de Ignacio de la Llave,18.898756,,130.0,68492.42
house,Veracruz de Ignacio de la Llave,19.119549,,232.0,125393.83
house,Distrito Federal,19.353288,,90.0,136405.3
house,San Luis Potosí,22.1385005078,,168.0,104319.23
house,Sonora,29.083198,,162.0,57955.13
house,Puebla,19.044477,,165.0,111331.75
house,Distrito Federal,19.510133,,171.0,141199.77
house,Morelos,18.850763,,168.0,67438.69
house,Nuevo León,25.758372724,,98.0,43213.16
house,Querétaro,20.726007,,260.0,163328.09
house,Estado de México,19.5562275,,150.0,205526.01
apartment,Distrito Federal,19.345528,,60.0,46943.65
house,Morelos,18.935198,,300.0,289775.66
house,Puebla,19.03362,,156.0,99577.45
house,Estado de México,19.229864,,256.0,184446.42
house,Yucatán,21.039522,,330.0,171271.67
house,Morelos,18.936026,,220.0,205477.28
house,Tabasco,18.053865,,182.0,81664.04
house,Yucatán,20.9968241,,164.0,62711.78
house,Yucatán,20.984423,,162.0,47417.83
house,Morelos,18.864874,,120.0,51369.32
house,Distrito Federal,19.40112,,317.0,173906.62
house,Querétaro,20.705742,,185.0,146995.28
house,Sinaloa,24.813503,,220.0,184446.42
apartment,Morelos,18.935198,,91.0,101182.03
house,Yucatán,21.012869,,96.0,57705.38
apartment,Quintana Roo,21.1672703,,120.0,163366.83
house,Morelos,18.948607,,180.0,184446.42
house,Morelos,18.95299,,180.0,102738.64
house,Morelos,18.8816687,,90.0,68245.17
house,Querétaro,20.5884382058,,243.0,200208.63
house,Yucatán,20.9973786,,170.0,38470.25
apartment,Distrito Federal,19.33923,,83.0,147522.15
house,Chiapas,16.766967,,239.0,226551.88
house,Chihuahua,28.631689,,200.0,115410.76
house,Querétaro,20.58966,,335.0,250260.79
house,Morelos,18.862602,,210.0,141990.07
apartment,Querétaro,20.59808,,90.0,57428.26
apartment,Quintana Roo,21.1789333275,,75.0,34254.33
apartment,Nuevo León,25.6689477,,117.0,140741.38
house,Guerrero,16.862803,,147.0,92750.2
apartment,Sinaloa,23.296583,,134.0,173865.39
house,Yucatán,21.0012449,,133.0,76150.02
house,Estado de México,19.666832,,69.0,44783.51
house,Nuevo León,25.668703,,101.0,210795.91
house,Jalisco,20.663444,,350.0,262115.25
apartment,Estado de México,19.521015,,130.0,171231.07
house,Sinaloa,23.286216,,180.0,86932.69
house,Estado de México,19.422676,,200.0,70283.76
house,Estado de México,19.6378074,,254.0,171271.67
house,Hidalgo,20.084376,,279.0,131716.2
house,Morelos,18.850763,,110.0,73234.21
house,Estado de México,19.300923,,73.0,43729.78
apartment,Distrito Federal,19.444723,,70.0,41680.96
house,Distrito Federal,19.403597,,380.0,257531.53
house,Chiapas,19.66869,,298.0,168069.88
apartment,Baja California,32.486292,,63.0,36817.31
apartment,Jalisco,20.705671,,180.0,237145.4
house,Guerrero,16.8583631,,354.0,266975.89
apartment,Veracruz de Ignacio de la Llave,19.1005941575,,76.0,84298.37
apartment,Estado de México,19.479437,,75.0,105397.95
house,Morelos,18.981213,,240.0,183348.96
house,Querétaro,20.624242,,172.0,86953.31
apartment,Estado de México,19.508253,,113.0,153686.47
house,Estado de México,19.533955,,155.0,52159.61
apartment,Distrito Federal,19.394073,,82.0,154987.69
house,Morelos,18.878128,,110.0,84298.37
apartment,Querétaro,20.5862687746,,63.0,113302.8
house,Morelos,18.961286,,60.0,34773.07
house,Querétaro,20.628052,,254.0,147557.13
house,Campeche,18.660893,,264.0,172852.64
house,Veracruz de Ignacio de la Llave,19.0652948,,192.0,126477.54
house,Tamaulipas,22.285725,,72.0,35988.5
apartment,Distrito Federal,19.305984,,70.0,107322.36
house,Distrito Federal,19.361792,,197.0,49999.47
house,San Luis Potosí,22.1877626295,,105.0,50517.24
apartment,Querétaro,20.726007,,105.0,93856.88
apartment,Distrito Federal,19.417636,,70.0,41095.45
house,Veracruz de Ignacio de la Llave,19.570101,,140.0,42623.36
house,Morelos,18.885313,,97.0,50052.15
apartment,San Luis Potosí,22.148722,,129.0,92750.2
house,Puebla,18.985688,,73.0,37670.83
apartment,Estado de México,19.427053,,100.0,313695.32
apartment,Distrito Federal,19.446256,,68.0,49051.11
house,Nayarit,21.4581695,,220.0,165172.12
apartment,Distrito Federal,19.333974,,70.0,121178.91
apartment,Estado de México,19.379597,,155.0,226551.88
house,San Luis Potosí,22.139618,,354.0,208111.61
house,Estado de México,19.552184,,80.0,127880.63
apartment,Querétaro,20.5365909,,80.0,44794.13
apartment,Distrito Federal,19.445032,,133.0,59426.13
house,Estado de México,19.54235,,192.0,125920.69
apartment,Distrito Federal,19.377404,,80.0,91411.04
apartment,Guerrero,16.858816,,185.0,157917.19
house,Sinaloa,23.231522,,211.0,81137.18
house,Yucatán,21.006756,,250.0,105397.95
apartment,Guerrero,16.850374,,145.0,81664.04
house,Veracruz de Ignacio de la Llave,18.141083,,180.0,110667.85
house,Puebla,18.989918,,299.0,231820.52
house,Veracruz de Ignacio de la Llave,25.540674,,140.0,47417.83
house,Yucatán,21.039522,,240.0,138058.14
apartment,Distrito Federal,19.336697,,102.0,187081.37
house,Querétaro,20.697427,,187.0,134350.53
apartment,Distrito Federal,19.451872,,70.0,66911.83
house,Estado de México,19.262129,,239.0,132769.93
apartment,Distrito Federal,19.2790911,,72.0,40645.77
house,Jalisco,20.647398,,84.0,65858.1
house,Tabasco,23.634501,,151.0,237145.4
house,Querétaro,20.5887932,,177.0,115937.75
apartment,Puebla,19.028651,,116.0,171231.07
apartment,Distrito Federal,19.493713,,60.0,38812.39
house,Veracruz de Ignacio de la Llave,19.11819,,181.0,129112.49
house,Veracruz de Ignacio de la Llave,18.147928788,,175.0,115937.75
house,Estado de México,19.4907003,,370.0,316193.86
apartment,Nuevo León,25.672309,,73.0,106110.57
house,Estado de México,19.542509,,220.0,150156.47
house,Chiapas,19.671952,,235.0,171231.07
house,Colima,19.297108,,176.0,62170.05
house,Baja California,32.421957,,170.0,95499.52
house,Morelos,18.855343,,73.0,36783.88
house,Morelos,18.939657,,185.0,189716.32
house,Distrito Federal,19.345431,,200.0,228450.07
house,Nuevo León,25.660103,,127.0,131747.44
house,Estado de México,19.564925,,110.0,143834.1
house,Nuevo León,25.652299,,281.0,152790.8
apartment,Distrito Federal,19.452665,,75.0,34421.81
apartment,Guerrero,16.869995,,72.0,48471.56
house,Chiapas,16.768602,,185.0,82717.77
house,Hidalgo,23.634501,,120.0,63223.78
house,Estado de México,19.317622,,200.0,158059.45
house,Guerrero,16.850374,,168.0,115937.75
apartment,Yucatán,21.0306572,,144.0,79048.46
house,Distrito Federal,19.359798,,90.0,131716.2
house,Distrito Federal,19.3434226,,182.0,68492.42
apartment,Distrito Federal,19.4503249,,91.0,79029.72
house,Tamaulipas,22.3918646281,,76.0,35826.8
apartment,Distrito Federal,19.307417,,75.0,36882.11
house,Durango,24.0277202,,245.0,92201.34
apartment,Estado de México,19.374843,,120.0,59711.33
apartment,San Luis Potosí,22.1352302,,140.0,73234.21
house,Veracruz de Ignacio de la Llave,25.577366,,348.0,155425.12
house,Veracruz de Ignacio de la Llave,19.517859,,300.0,142253.5
house,Querétaro,20.605692,,290.0,208111.61
house,San Luis Potosí,22.158050728,,180.0,50064.02
house,Morelos,18.847519,,162.0,89567.02
house,Veracruz de Ignacio de la Llave,19.119549,,190.0,94331.17
house,Distrito Federal,19.301835,,300.0,207057.88
house,Chiapas,16.756552,,215.0,163366.83
house,Morelos,18.813505,,80.0,34246.21
house,Campeche,19.8301251,,160.0,115937.75
house,Querétaro,20.592563,,271.0,179134.04
house,Hidalgo,20.044181,,169.0,84054.87
apartment,Distrito Federal,19.396893,,80.0,85899.33
house,Jalisco,20.615292,,230.0,131716.2
house,Guanajuato,21.202881,,167.0,68492.42
house,Yucatán,21.0315095,,349.0,200256.11
house,Distrito Federal,19.33981,,272.0,260798.09
house,Nuevo León,25.6773984,,347.0,292796.2
house,Yucatán,21.0344135,,305.0,194986.21
house,Morelos,18.936026,,270.0,255590.04
house,Querétaro,20.607178,,75.0,35563.37
house,Estado de México,19.470298,,218.0,255529.44
house,Estado de México,19.522923,,340.0,250260.79
house,Querétaro,20.570164,,170.0,123842.59
house,Veracruz de Ignacio de la Llave,18.1477847816,,240.0,115937.75
house,Distrito Federal,19.399741,,100.0,57287.8
house,Distrito Federal,19.282308,,130.0,119651.0
apartment,Estado de México,19.634604,,76.0,34245.11
house,Morelos,18.904448,,106.0,105372.96
house,Distrito Federal,19.456544,,278.0,183875.82
house,Querétaro,20.726007,,285.0,231875.5
house,Querétaro,20.548123,,300.0,200208.63
apartment,Distrito Federal,19.396705,,85.0,76740.25
house,Querétaro,20.6543981,,137.0,83264.38
house,Chiapas,16.766762,,160.0,154371.39
house,Morelos,18.954132,,94.0,55333.92
house,Nuevo León,25.696475,,220.0,165962.42
apartment,Distrito Federal,19.270165,,80.0,131400.09
house,Guerrero,23.634501,,100.0,50052.15
apartment,Distrito Federal,19.39912,,92.0,142253.5
house,Estado de México,19.229864,,270.0,231820.52
apartment,Distrito Federal,19.376589,,107.0,215482.45
house,Yucatán,21.072905,,280.0,110351.66
house,Puebla,19.044477,,350.0,226551.88
apartment,Estado de México,19.6494549,,69.0,38461.13
apartment,Estado de México,19.60537,,60.0,39146.05
house,Tabasco,17.999552,,151.0,115910.26
house,Puebla,19.1090862,,160.0,84318.36
house,Morelos,18.910368,,200.0,129081.88
house,Jalisco,20.775549,,300.0,134350.53
house,Nuevo León,25.7671943,,150.0,35308.31
house,Baja California Sur,24.168865,,330.0,290434.24
house,Baja California,32.457415,,102.0,61643.18
house,Querétaro,20.726007,,200.0,121705.77
apartment,Oaxaca,17.0588513685,,94.0,51118.0
house,Estado de México,19.550762,,160.0,111194.84
house,Yucatán,21.0412206815,,174.0,82842.79
apartment,Distrito Federal,19.373161,,69.0,84298.37
house,Morelos,18.917542,,210.0,118572.7
apartment,Nuevo León,25.657194,,110.0,262378.68
house,Morelos,18.94542,,380.0,289775.66
house,Querétaro,20.6113606,,132.0,86953.31
house,Chiapas,16.773806,,165.0,71126.75
house,Distrito Federal,19.493973,,300.0,179239.41
apartment,Quintana Roo,20.626583,,145.0,115437.11
apartment,Nuevo León,25.651072,,126.0,175924.99
house,Distrito Federal,19.362795,,80.0,46715.31
house,Querétaro,20.631845,,180.0,118572.7
house,Nuevo León,25.637247,,194.0,76395.4
house,Quintana Roo,21.138567,,185.0,97469.99
house,Guerrero,16.874741,,300.0,98787.15
apartment,Distrito Federal,19.395097,,80.0,53158.18
apartment,Distrito Federal,19.478815,,64.0,76395.4
house,Veracruz de Ignacio de la Llave,19.554081,,95.0,38461.13
house,Tamaulipas,22.276130897,,232.0,139652.29
house,Morelos,18.9611008,,192.0,173906.62
apartment,Distrito Federal,19.51918,,60.0,34983.82
apartment,Yucatán,21.03071,,131.0,77467.49
house,Chiapas,19.671921,,240.0,97469.99
house,Estado de México,19.514929,,356.0,288721.93
house,Estado de México,19.295469,,150.0,57968.87
house,Estado de México,19.488134,,110.0,138934.25
apartment,Distrito Federal,19.326108,,70.0,49273.54
house,Sonora,29.105133,,357.0,210745.93
house,Chiapas,19.711031,,256.0,60603.82
house,Nuevo León,25.5883667,,300.0,162393.9
house,Baja California Sur,24.155968,,204.0,135963.36
house,Distrito Federal,19.483263,,190.0,102369.83
house,Estado de México,19.404718,,139.0,252895.12
house,Chihuahua,28.678531,,115.0,46890.97
house,Yucatán,21.0064261,,90.0,60603.82
apartment,Distrito Federal,23.634501,,85.0,94835.67
house,Estado de México,19.580685,,70.0,34254.33
house,Querétaro,20.571299,,90.0,37353.34
house,Yucatán,20.9904342,,200.0,79029.72
house,Morelos,18.953518,,300.0,147522.15
house,Nuevo León,25.686357,,380.0,200256.11
house,Baja California,32.494759,,92.0,51632.75
house,Jalisco,20.7540020174,,290.0,152790.8
house,Estado de México,19.562864,,90.0,52686.48
house,Querétaro,20.5285264774,,136.0,79048.46
apartment,San Luis Potosí,22.133745,,174.0,143868.21
apartment,Distrito Federal,19.299864,,65.0,135225.12
house,Estado de México,19.493069,,343.0,191620.74
house,Querétaro,20.6536084,,176.0,110140.86
apartment,Distrito Federal,19.384724,,145.0,123813.23
house,Jalisco,20.883594,,100.0,184402.69
house,Nuevo León,25.6866142,,90.0,242357.82
house,Morelos,18.804197,,140.0,51632.75
house,Querétaro,20.7047931,,250.0,150192.08
house,Estado de México,19.589786878,,80.0,36889.28
house,Puebla,18.972588,,202.0,150894.08
house,Nuevo León,25.530777,,299.0,194939.99
house,Querétaro,20.593385,,100.0,115910.26
house,Puebla,19.017727,,182.0,108559.89
apartment,Distrito Federal,19.454332,,62.0,50591.01
house,Quintana Roo,21.139086,,200.0,158096.93
house,Estado de México,19.2030655,,106.0,38724.56
house,Sinaloa,23.290356,,150.0,93781.94
house,Colima,19.277207,,161.0,52633.79
house,Nuevo León,25.7393693814,,266.0,144700.85
house,Morelos,18.901708,,250.0,242357.82
apartment,Distrito Federal,19.368808,,83.0,115910.26
house,Yucatán,21.0369774162,,175.0,126214.05
house,Morelos,23.634501,,270.0,229186.2
apartment,Distrito Federal,19.38342,,88.0,100104.31
house,Morelos,18.93409,,145.0,102738.64
house,Distrito Federal,19.380834,,350.0,161258.87
house,Morelos,18.886955,,68.0,43202.91
house,Nuevo León,25.679226,,210.0,155425.12
apartment,Distrito Federal,19.413009,,127.0,289775.66
apartment,Distrito Federal,19.410215,,70.0,44048.85
apartment,Distrito Federal,19.367424,,82.0,154898.26
house,San Luis Potosí,22.0951835008,,172.0,50157.53
apartment,Distrito Federal,19.298168,,83.0,177695.7
apartment,Estado de México,19.5652097,,87.0,84318.36
house,Estado de México,19.5527338,,200.0,92223.21
house,Yucatán,21.0634817,,235.0,146995.28
house,Tamaulipas,22.285725,,218.0,118572.7
house,Querétaro,20.5230129,,184.0,93804.18
apartment,Distrito Federal,19.440043,,79.0,137017.34
house,Veracruz de Ignacio de la Llave,25.439536,,293.0,158059.45
apartment,San Luis Potosí,22.144705,,144.0,90620.75
house,Yucatán,20.9959805028,,374.0,247421.7
house,Tamaulipas,22.3286560021,,140.0,73778.56
house,Morelos,18.858107,,92.0,64556.24
house,Veracruz de Ignacio de la Llave,19.0530826,,200.0,108007.29
house,Morelos,18.883513,,80.0,44783.51
house,Morelos,18.933414,,250.0,292900.92
house,Morelos,18.935198,,180.0,168596.74
house,Nuevo León,25.7385463,,254.0,139652.29
apartment,Distrito Federal,19.41275,,60.0,35890.24
apartment,Distrito Federal,19.364891,,78.0,150830.86
house,Estado de México,19.272732,,126.0,68492.42
house,Estado de México,19.490576,,350.0,210745.93
house,Querétaro,20.5535753,,156.0,86953.31
house,Querétaro,20.572051,,227.0,125920.69
house,Baja California,32.457469,,102.0,61643.18
house,Distrito Federal,19.353373,,160.0,106127.01
house,Yucatán,21.039522,,270.0,164947.8
house,Jalisco,20.2959587,,204.0,94835.67
house,Querétaro,20.379178,,80.0,34246.21
house,Morelos,18.804409,,130.0,47417.83
house,Guanajuato,20.5958037462,,195.0,94858.16
house,Tamaulipas,22.272678,,350.0,237145.4
house,Tamaulipas,22.309216,,109.0,45848.11
house,Morelos,18.808657,,67.0,34254.33
house,Jalisco,20.712604,,361.0,194939.99
house,Nuevo León,25.6626225,,311.0,240884.28
house,Puebla,19.059084,,243.0,101445.53
house,Aguascalientes,21.89658,,245.0,78502.86
house,Campeche,19.8308743,,180.0,76413.51
house,Estado de México,19.491798,,150.0,168596.74
house,Distrito Federal,19.508428,,150.0,45057.62
house,Chihuahua,28.70466,,78.0,51632.75
apartment,Distrito Federal,19.454332,,90.0,53832.41
house,Puebla,19.077675,,175.0,118544.58
house,Morelos,23.634501,,160.0,99577.45
house,Morelos,18.922282,,70.0,46469.47
house,Chiapas,16.742777,,140.0,73778.56
house,Veracruz de Ignacio de la Llave,20.945961,,200.0,289775.66
house,San Luis Potosí,22.193162,,80.0,39514.86
apartment,Veracruz de Ignacio de la Llave,19.119549,,93.0,76413.51
house,Estado de México,19.4953683665,,140.0,68508.67
house,Quintana Roo,21.139641,,100.0,36880.53
house,Querétaro,20.659601,,301.0,274034.68
house,Yucatán,21.3103259143,,325.0,187081.37
apartment,Distrito Federal,19.393257,,100.0,71653.61
house,Yucatán,21.072905,,190.0,97493.1
house,Veracruz de Ignacio de la Llave,20.9475017,,110.0,67860.19
house,Nuevo León,25.721457,,190.0,88513.29
house,Estado de México,19.406092,,177.0,80083.45
house,San Luis Potosí,22.125832,,197.0,147557.13
house,Yucatán,21.023252,,320.0,150192.08
house,Estado de México,19.31673,,80.0,47944.7
house,Querétaro,20.647322,,82.0,36248.3
house,Estado de México,19.7100885,,99.0,75783.82
apartment,Distrito Federal,19.462951,,208.0,131716.2
house,Yucatán,21.072905,,290.0,126477.54
house,Tamaulipas,22.3140373,,178.0,51644.99
house,Jalisco,20.547053,,340.0,262440.91
house,Tlaxcala,19.308845,,85.0,35826.8
apartment,Chiapas,16.745515,,102.0,46364.1
house,Chiapas,19.704245,,150.0,94835.67
house,Veracruz de Ignacio de la Llave,25.525183,,104.0,33192.48
house,San Luis Potosí,22.136711,,270.0,163328.09
apartment,Yucatán,21.039522,,119.0,115814.11
house,Estado de México,18.831146,,125.0,73761.07
house,Querétaro,20.558271,,139.0,97469.99
house,Guanajuato,21.178095,,360.0,178607.18
apartment,Distrito Federal,19.403794,,70.0,54235.15
house,Querétaro,20.543869,,150.0,51105.88
apartment,Distrito Federal,19.343424,,84.0,115910.26
house,Veracruz de Ignacio de la Llave,19.532236,,180.0,79029.72
house,Jalisco,20.755376,,120.0,71143.62
apartment,Yucatán,21.008295,,142.0,91169.23
apartment,Distrito Federal,19.382649,,65.0,44178.77
house,Distrito Federal,23.634501,,200.0,152790.8
house,Tamaulipas,22.268972,,200.0,121207.64
house,Guerrero,16.856389,,131.0,47417.83
house,Veracruz de Ignacio de la Llave,19.1279472004,,200.0,104319.23
apartment,Puebla,19.076612,,93.0,57884.47
house,Querétaro,20.391528,,202.0,121207.64
house,Quintana Roo,21.1661723,,370.0,200256.11
house,Baja California,32.46906,,86.0,52605.29
apartment,Yucatán,21.0634817,,63.0,44794.13
apartment,Baja California,23.634501,,95.0,84313.09
house,Querétaro,20.745667,,290.0,236091.42
apartment,Tamaulipas,22.292006,,128.0,85878.96
house,Puebla,19.061148,,120.0,59535.72
house,Morelos,18.969536,,180.0,81664.04
house,Estado de México,19.300028,,198.0,53666.55
house,Yucatán,20.999418,,377.0,224339.55
apartment,Distrito Federal,19.401507,,92.0,67438.69
house,Estado de México,19.663315,,100.0,80083.45
apartment,Yucatán,21.030668,,82.0,62696.91
house,Colima,19.255166,,105.0,46627.53
house,Morelos,18.743973,,79.0,42941.43
house,Yucatán,21.037875,,123.0,41095.45
apartment,Quintana Roo,21.1495343889,,79.0,80015.91
house,Morelos,18.951663,,376.0,263432.41
apartment,Distrito Federal,19.381078,,70.0,85668.22
house,Sinaloa,24.8225157463,,105.0,55847.67
house,Estado de México,19.522923,,200.0,229240.55
house,Querétaro,20.693433,,160.0,121178.91
house,Estado de México,19.545727,,133.0,67438.69
house,Chihuahua,28.672886,,250.0,63238.77
house,Guanajuato,20.9144491,,100.0,127584.22
house,Puebla,23.634501,,113.0,57955.13
house,Querétaro,20.618279,,130.0,99601.06
house,San Luis Potosí,22.193523,,211.0,165467.83
house,Yucatán,21.030771,,200.0,77994.48
apartment,Chiapas,16.747116,,84.0,52686.48
house,Estado de México,19.276849,,179.0,94203.43
house,Quintana Roo,21.082655,,251.0,187037.01
house,Distrito Federal,19.3845016369,,115.0,81683.41
apartment,Distrito Federal,19.446829,,65.0,163064.66
house,Yucatán,20.99947,,169.0,55333.92
house,Aguascalientes,21.99782,,350.0,193359.39
house,Nuevo León,25.714615,,309.0,158096.93
house,Estado de México,19.286575,,200.0,72865.4
house,Durango,24.024288,,98.0,36090.24
house,Estado de México,19.537234,,83.0,45447.36
house,Distrito Federal,19.343042,,275.0,167543.01
house,Querétaro,20.594322,,286.0,183875.82
house,Jalisco,20.66976,,70.0,35299.94
house,Sinaloa,23.256596,,190.0,55320.8
house,Estado de México,19.524088,,75.0,70757.94
house,Sonora,27.492267,,236.0,115910.26
apartment,Distrito Federal,19.394358,,195.0,289775.66
house,Nuevo León,25.7075214,,150.0,110969.16
house,Chihuahua,28.6329957,,274.0,173906.62
house,Tamaulipas,22.286442,,81.0,44256.64
house,Morelos,18.926889,,186.0,118544.58
apartment,Distrito Federal,19.287568,,100.0,159320.71
house,Morelos,18.835637,,200.0,63223.78
house,Nuevo León,25.723516,,350.0,252895.12
house,Chiapas,19.750508,,90.0,37934.26
apartment,Puebla,19.058884,,104.0,92201.34
house,Distrito Federal,19.477827,,229.0,157690.64
apartment,Morelos,18.963312,,76.0,43729.78
apartment,Distrito Federal,19.393656,,60.0,84845.35
apartment,Estado de México,19.607218,,100.0,43202.91
house,Estado de México,19.1617587,,85.0,57968.87
house,Guerrero,16.7795417527,,275.0,316118.9
house,Yucatán,21.0411724,,195.0,91632.19
house,Tabasco,18.00557,,205.0,88513.29
apartment,Distrito Federal,19.441809,,80.0,65120.49
house,Hidalgo,20.124367,,150.0,92223.21
house,Veracruz de Ignacio de la Llave,20.9673656268,,120.0,44783.51
apartment,Distrito Federal,19.391819,,84.0,71653.61
apartment,Distrito Federal,19.375412,,60.0,105372.96
house,Morelos,23.634501,,180.0,63223.78
apartment,Distrito Federal,19.496076,,60.0,36260.68
house,Sinaloa,24.8053549677,,95.0,44794.13
apartment,Distrito Federal,19.309196,,110.0,121863.83
house,Morelos,18.842861,,120.0,105372.96
house,Veracruz de Ignacio de la Llave,25.51485,,140.0,51632.75
house,Jalisco,20.532264,,175.0,121178.91
house,Morelos,18.9289862,,100.0,47417.83
house,Yucatán,21.0284038368,,81.0,39524.23
house,San Luis Potosí,22.11830417,,360.0,245050.24
house,Estado de México,19.233201,,115.0,110667.85
